model,scenario,month,new_paying_clients,retained_paying_clients,active_paying_clients,client_months,practices,recurring_practices,practices_per_active_client,candidates_activated,checks_requested,checks_free,checks_retry,provider_attempts,provider_successes,provider_failures,gross_revenue_net_vat,discounts,refunds,revenue_net,provider_cost,payment_cost,dispute_external_cost,paying_client_acquisition_cash,renter_acquisition_cash,payer_activation_hours,renter_activation_hours,manual_review_hours,support_hours,dispute_hours,acquisition_hours,variable_hours_demand,founder_delivery_hours,founder_acquisition_hours,contractor_delivery_hours,contractor_acquisition_hours,contractor_cash,contribution_cash_before_acquisition,contribution_economic_before_acquisition,contribution_cash_after_acquisition,contribution_economic_after_acquisition,fixed_cash_cost,founder_operating_hours,founder_setup_hours,contractor_setup_hours,contractor_setup_cash,setup_economic_cost_month,founder_hours,founder_economic_cost,operating_cash,operating_economic,cash_receipts_30d,cashflow_30d,cumulative_cash,cumulative_cash_30d,cumulative_economic_project
B,prudente,1,1.0,0,1.0,1.0,1.0,0.0,1.0,1.0,1.0,0.08,0.27,1.35,1.107,0.243,29.0,2.9,1.305,24.795,17.577,0.72763,0.32,30.0,0.0,0.3,0.2,0.25,0.2,0.04,2.0,2.99,0.99,2.0,0.0,0.0,0.0,6.17037,-23.52963,-23.82963,-113.52963,270,42.99,40.0,0.0,0.0,1200.0,82.99,1289.7,-293.82963,-1583.52963,0.0,-318.62463,-2293.82963,-2318.62463,-4783.52963
B,prudente,2,1.2,0.9,2.1,2.1,1.38,0.18,0.657143,1.38,1.38,0.1104,0.3726,1.863,1.52766,0.33534,40.02,4.002,1.8009,34.2171,24.25626,1.004129,0.4416,36.0,0.0,0.36,0.276,0.345,0.276,0.0552,2.4,3.7122,1.3122,2.4,0.0,0.0,0.0,8.515111,-30.850889,-27.484889,-138.850889,270,43.7122,40.0,0.0,0.0,1200.0,83.7122,1311.366,-297.484889,-1608.850889,24.795,-306.906989,-2591.314519,-2625.531619,-7592.380519
B,prudente,3,1.4,1.89,3.29,3.29,1.778,0.378,0.540426,1.778,1.778,0.14224,0.48006,2.4003,1.968246,0.432054,51.562,5.1562,2.32029,44.08551,31.251906,1.293726,0.56896,42.0,0.0,0.42,0.3556,0.4445,0.3556,0.07112,2.8,4.44682,1.64682,2.8,0.0,0.0,0.0,10.970918,-38.433682,-31.029082,-164.433682,270,44.44682,40.0,0.0,0.0,1200.0,84.44682,1333.4046,-301.029082,-1634.433682,34.2171,-310.897492,-2892.343602,-2936.429112,-10426.814202
B,prudente,4,1.6,2.961,4.561,4.561,2.1922,0.5922,0.48064,2.1922,2.1922,0.175376,0.591894,2.95947,2.426765,0.532705,63.5738,6.35738,2.860821,54.355599,38.532299,1.59511,0.701504,48.0,0.0,0.48,0.43844,0.54805,0.43844,0.087688,3.2,5.192618,1.992618,3.2,0.0,0.0,0.0,13.526685,-46.251855,-34.473315,-190.251855,270,45.192618,0.0,0.0,0.0,0.0,45.192618,1355.77854,-304.473315,-1660.251855,44.08551,-314.743404,-3196.816916,-3251.172515,-12087.066056
B,prudente,5,1.8,4.1049,5.9049,5.9049,2.62098,0.82098,0.443865,2.62098,2.62098,0.209678,0.707665,3.538323,2.901425,0.636898,76.00842,7.600842,3.420379,64.987199,46.068965,1.907104,0.838714,54.0,0.0,0.54,0.524196,0.655245,0.524196,0.104839,3.6,5.948476,2.348476,3.6,0.0,0.0,0.0,16.172416,-54.28187,-37.827584,-216.28187,270,45.948476,0.0,0.0,0.0,0.0,45.948476,1378.454286,-307.827584,-1686.28187,54.355599,-318.459184,-3504.6445,-3569.631699,-13773.347926
B,prudente,6,2.0,5.31441,7.31441,7.31441,3.062882,1.062882,0.418746,3.062882,3.062882,0.245031,0.826978,4.134891,3.39061,0.74428,88.823578,8.882358,3.997061,75.944159,53.836277,2.228645,0.980122,60.0,0.0,0.6,0.612576,0.765721,0.612576,0.122515,4.0,6.713389,2.713389,4.0,0.0,0.0,0.0,18.899115,-62.502542,-41.100885,-242.502542,270,46.713389,0.0,0.0,0.0,0.0,46.713389,1401.401657,-311.100885,-1712.502542,64.987199,-322.057845,-3815.745385,-3891.689544,-15485.850468
B,prudente,7,2.166667,6.582969,8.749636,8.749636,3.48326,1.316594,0.398103,3.48326,3.48326,0.278661,0.94048,4.702402,3.855969,0.846432,101.014554,10.101455,4.545655,86.367443,61.225269,2.534525,1.114643,65.0,0.0,0.65,0.696652,0.870815,0.696652,0.13933,4.333333,7.386783,3.05345,4.333333,0.0,0.0,0.0,21.493006,-70.110486,-43.506994,-265.110486,270,47.386783,0.0,0.0,0.0,0.0,47.386783,1421.603492,-313.506994,-1735.110486,75.944159,-323.930278,-4129.252379,-4215.619822,-17220.960954
B,prudente,8,2.333333,7.874672,10.208005,10.208005,3.908268,1.574934,0.382863,3.908268,3.908268,0.312661,1.055232,5.276161,4.326452,0.949709,113.339765,11.333976,5.100289,96.905499,68.695622,2.843773,1.250646,70.0,0.0,0.7,0.781654,0.977067,0.781654,0.156331,4.666667,8.063371,3.396705,4.666667,0.0,0.0,0.0,24.115458,-77.785684,-45.884542,-287.785684,270,48.063371,0.0,0.0,0.0,0.0,48.063371,1441.901142,-315.884542,-1757.785684,86.367443,-326.422598,-4445.136921,-4542.04242,-18978.746638
B,prudente,9,2.5,9.187205,11.687205,11.687205,4.337441,1.837441,0.371127,4.337441,4.337441,0.346995,1.171109,5.855545,4.801547,1.053998,125.785788,12.578579,5.66036,107.546849,76.2392,3.156052,1.387981,75.0,0.0,0.75,0.867488,1.08436,0.867488,0.173498,5.0,8.742834,3.742834,5.0,0.0,0.0,0.0,26.763616,-85.521413,-48.236384,-310.521413,270,48.742834,0.0,0.0,0.0,0.0,48.742834,1462.285028,-318.236384,-1780.521413,96.905499,-328.877734,-4763.373305,-4870.920154,-20759.268051
B,prudente,10,2.666667,10.518484,13.185151,13.185151,4.770364,2.103697,0.361798,4.770364,4.770364,0.381629,1.287998,6.439991,5.280792,1.159198,138.340543,13.834054,6.225324,118.281164,83.84868,3.47106,1.526516,80.0,0.0,0.8,0.954073,1.192591,0.954073,0.190815,5.333333,9.424884,4.091551,5.333333,0.0,0.0,0.0,29.434908,-93.311617,-50.565092,-333.311617,270,49.424884,0.0,0.0,0.0,0.0,49.424884,1482.746525,-320.565092,-1803.311617,107.546849,-331.299407,-5083.938397,-5202.219561,-22562.579668
B,prudente,11,2.833333,11.866636,14.699969,14.699969,5.206661,2.373327,0.354195,5.206661,5.206661,0.416533,1.405798,7.028992,5.763773,1.265219,150.993155,15.099316,6.794692,129.099148,91.517472,3.788522,1.666131,85.0,0.0,0.85,1.041332,1.301665,1.041332,0.208266,5.666667,10.109262,4.442596,5.666667,0.0,0.0,0.0,32.127022,-101.150851,-52.872978,-356.150851,270,50.109262,0.0,0.0,0.0,0.0,50.109262,1503.277873,-322.872978,-1826.150851,118.281164,-333.690962,-5406.811375,-5535.910523,-24388.730519
B,prudente,12,3.0,13.229972,16.229972,16.229972,5.645994,2.645994,0.347875,5.645994,5.645994,0.45168,1.524419,7.622093,6.250116,1.371977,163.73384,16.373384,7.368023,139.992433,99.239645,4.108195,1.806718,90.0,0.0,0.9,1.129199,1.411499,1.129199,0.22584,6.0,10.795736,4.795736,6.0,0.0,0.0,0.0,34.837875,-109.034211,-55.162125,-379.034211,270,50.795736,0.0,0.0,0.0,0.0,50.795736,1523.872086,-325.162125,-1849.034211,129.099148,-336.05541,-5731.9735,-5871.965933,-26237.76473
B,prudente,13,3.0,14.606975,17.606975,17.606975,5.921395,2.921395,0.33631,5.921395,5.921395,0.473712,1.598777,7.993883,6.554984,1.438899,171.720456,17.172046,7.727421,146.82099,104.08036,4.308585,1.894846,90.0,0.0,0.9,1.184279,1.480349,1.184279,0.236856,6.0,10.985763,4.985763,6.0,0.0,0.0,0.0,36.537198,-113.035679,-53.462802,-383.035679,270,50.985763,0.0,0.0,0.0,0.0,50.985763,1529.572877,-323.462802,-1853.035679,139.992433,-330.291358,-6055.436302,-6202.257292,-28090.800409
B,prudente,14,3.0,15.846278,18.846278,18.846278,6.169256,3.169256,0.327346,6.169256,6.169256,0.49354,1.665699,8.328495,6.829366,1.499129,178.90841,17.890841,8.050878,152.966691,108.437004,4.488935,1.974162,90.0,0.0,0.9,1.233851,1.542314,1.233851,0.24677,6.0,11.156786,5.156786,6.0,0.0,0.0,0.0,38.066589,-116.637,-51.933411,-386.637,270,51.156786,0.0,0.0,0.0,0.0,51.156786,1534.703589,-321.933411,-1856.637,146.82099,-328.079112,-6377.369713,-6530.336404,-29947.437409
B,prudente,15,3.0,16.96165,19.96165,19.96165,6.39233,3.39233,0.320231,6.39233,6.39233,0.511386,1.725929,8.629645,7.076309,1.553336,185.377569,18.537757,8.341991,158.497822,112.357984,4.651251,2.045546,90.0,0.0,0.9,1.278466,1.598082,1.278466,0.255693,6.0,11.310708,5.310708,6.0,0.0,0.0,0.0,39.443041,-119.878189,-50.556959,-389.878189,270,51.310708,0.0,0.0,0.0,0.0,51.310708,1539.32123,-320.556959,-1859.878189,152.966691,-326.08809,-6697.926672,-6856.424493,-31807.315598
B,prudente,16,3.0,17.965485,20.965485,20.965485,6.593097,3.593097,0.314474,6.593097,6.593097,0.527448,1.780136,8.900681,7.298558,1.602123,191.199812,19.119981,8.603992,163.475839,115.886866,4.797335,2.109791,90.0,0.0,0.9,1.318619,1.648274,1.318619,0.263724,6.0,11.449237,5.449237,6.0,0.0,0.0,0.0,40.681848,-122.79526,-49.318152,-392.79526,270,51.449237,0.0,0.0,0.0,0.0,51.449237,1543.477107,-319.318152,-1862.79526,158.497822,-324.29617,-7017.244824,-7180.720663,-33670.110858
B,prudente,17,3.0,18.868936,21.868936,21.868936,6.773787,3.773787,0.309745,6.773787,6.773787,0.541903,1.828923,9.144613,7.498583,1.64603,196.439831,19.643983,8.839792,167.956056,119.062859,4.928811,2.167612,90.0,0.0,0.9,1.354757,1.693447,1.354757,0.270951,6.0,11.573913,5.573913,6.0,0.0,0.0,0.0,41.796774,-125.420623,-48.203226,-395.420623,270,51.573913,0.0,0.0,0.0,0.0,51.573913,1547.217397,-318.203226,-1865.420623,163.475839,-322.683442,-7335.44805,-7503.404106,-35535.531481
B,prudente,18,3.0,19.682043,22.682043,22.682043,6.936409,3.936409,0.305811,6.936409,6.936409,0.554913,1.87283,9.364152,7.678604,1.685547,201.155848,20.115585,9.052013,171.98825,121.921253,5.047139,2.219651,90.0,0.0,0.9,1.387282,1.734102,1.387282,0.277456,6.0,11.686122,5.686122,6.0,0.0,0.0,0.0,42.800207,-127.78345,-47.199793,-397.78345,270,51.686122,0.0,0.0,0.0,0.0,51.686122,1550.583657,-317.199793,-1867.78345,167.956056,-321.231987,-7652.647843,-7824.636093,-37403.31493
B,prudente,19,3.166667,20.413838,23.580505,23.580505,7.249434,4.082768,0.307433,7.249434,7.249434,0.579955,1.957347,9.786736,8.025124,1.761613,210.233596,21.02336,9.460512,179.749725,127.423308,5.274906,2.319819,95.0,0.0,0.95,1.449887,1.812359,1.449887,0.289977,6.333333,12.285443,5.95211,6.333333,0.0,0.0,0.0,44.731692,-133.831599,-50.268308,-418.831599,270,52.285443,0.0,0.0,0.0,0.0,52.285443,1568.563291,-320.268308,-1888.831599,171.98825,-328.029783,-7972.916151,-8152.665876,-39292.146529
B,prudente,20,3.333333,21.222455,24.555788,24.555788,7.577824,4.244491,0.308596,7.577824,7.577824,0.606226,2.046013,10.230063,8.388651,1.841411,219.756903,21.97569,9.889061,187.892152,133.195417,5.513852,2.424904,100.0,0.0,1.0,1.515565,1.894456,1.515565,0.303113,6.666667,12.895365,6.228699,6.666667,0.0,0.0,0.0,46.757979,-140.102983,-53.242021,-440.102983,270,52.895365,0.0,0.0,0.0,0.0,52.895365,1586.860962,-323.242021,-1910.102983,179.749725,-331.384448,-8296.158171,-8484.050324,-41202.249512
B,prudente,21,3.5,22.100209,25.600209,25.600209,7.920042,4.420042,0.309374,7.920042,7.920042,0.633603,2.138411,10.692056,8.767486,1.92457,229.681213,22.968121,10.335655,196.377437,139.210575,5.76286,2.534413,105.0,0.0,1.05,1.584008,1.98001,1.584008,0.316802,7.0,13.514829,6.514829,7.0,0.0,0.0,0.0,48.869589,-146.575277,-56.130411,-461.575277,270,53.514829,0.0,0.0,0.0,0.0,53.514829,1605.444866,-326.130411,-1931.575277,187.892152,-334.615696,-8622.288583,-8818.66602,-43133.824789
B,prudente,22,3.666667,23.040188,26.706855,26.706855,8.274704,4.608038,0.309834,8.274704,8.274704,0.661976,2.23417,11.170851,9.160098,2.010753,239.966425,23.996643,10.798489,205.171294,145.444478,6.020923,2.647905,110.0,0.0,1.1,1.654941,2.068676,1.654941,0.330988,7.333333,14.142879,6.809546,7.333333,0.0,0.0,0.0,51.057987,-153.228392,-58.942013,-483.228392,270,54.142879,0.0,0.0,0.0,0.0,54.142879,1624.286379,-328.942013,-1953.228392,196.377437,-337.735869,-8951.230595,-9156.401889,-45087.053181
B,prudente,23,3.833333,24.036169,27.869503,27.869503,8.640567,4.807234,0.310037,8.640567,8.640567,0.691245,2.332953,11.664766,9.565108,2.099658,250.576449,25.057645,11.27594,214.242864,151.87525,6.287136,2.764982,115.0,0.0,1.15,1.728113,2.160142,1.728113,0.345623,7.666667,14.778658,7.111991,7.666667,0.0,0.0,0.0,53.315497,-160.044245,-61.684503,-505.044245,270,54.778658,0.0,0.0,0.0,0.0,54.778658,1643.359741,-331.684503,-1975.044245,205.171294,-340.756074,-9282.915099,-9497.157963,-47062.097426
B,prudente,24,4.0,25.082552,29.082552,29.082552,9.01651,5.01651,0.310032,9.01651,9.01651,0.721321,2.434458,12.172289,9.981277,2.191012,261.478804,26.14788,11.766546,223.564378,158.483205,6.560684,2.885283,120.0,0.0,1.2,1.803302,2.254128,1.803302,0.36066,8.0,15.421392,7.421392,8.0,0.0,0.0,0.0,55.635206,-167.006561,-64.364794,-527.006561,270,55.421392,0.0,0.0,0.0,0.0,55.421392,1662.641767,-334.364794,-1997.006561,214.242864,-343.686308,-9617.279893,-9840.844271,-49059.103987
B,centrale,1,2.0,0,2.0,2.0,2.0,0.0,1.0,2.0,2.0,0.08,0.312,2.392,2.1528,0.2392,58.0,2.9,1.653,53.447,22.2456,1.50833,0.4,36.0,0.0,0.4,0.3,0.36,0.24,0.0375,3.0,4.3375,1.3375,3.0,0.0,0.0,0.0,29.29307,-10.83193,-6.70693,-136.83193,270,44.3375,40.0,0.0,0.0,1200.0,84.3375,1330.125,-276.70693,-1606.83193,0.0,-330.15393,-2276.70693,-2330.15393,-4806.83193
B,centrale,2,2.4,1.88,4.28,4.28,3.058,0.658,0.714486,3.058,3.058,0.12232,0.477048,3.657368,3.291631,0.365737,88.682,4.4341,2.527437,81.720463,34.013522,2.306237,0.6116,43.2,0.0,0.48,0.4587,0.55044,0.36696,0.057337,3.6,5.513437,1.913437,3.6,0.0,0.0,0.0,44.789104,-12.614021,1.589104,-163.814021,270,45.513438,40.0,0.0,0.0,1200.0,85.513438,1365.403125,-268.410896,-1633.814021,53.447,-296.684359,-2545.117826,-2626.838289,-7640.645951
B,centrale,3,2.8,4.0232,6.8232,6.8232,4.20812,1.40812,0.616737,4.20812,4.20812,0.168325,0.656467,5.032912,4.52962,0.503291,122.03548,6.101774,3.478011,112.455695,46.806077,3.173617,0.841624,50.4,0.0,0.56,0.631218,0.757462,0.504974,0.078902,4.2,6.732556,2.532556,4.2,0.0,0.0,0.0,61.634377,-14.342311,11.234377,-190.742311,270,46.732556,40.0,0.0,0.0,1200.0,86.732556,1401.976688,-258.765623,-1660.742311,81.720463,-289.500855,-2803.883449,-2916.339144,-10501.388262
B,centrale,4,3.2,6.413808,9.613808,9.613808,5.444833,2.244833,0.566355,5.444833,5.444833,0.217793,0.849394,6.51202,5.860818,0.651202,157.900151,7.895008,4.500154,145.504989,60.561786,4.106302,1.088967,57.6,0.0,0.64,0.816725,0.98007,0.65338,0.102091,4.8,7.992265,3.192265,4.8,0.0,0.0,0.0,79.747934,-16.020027,22.147934,-217.620027,270,47.992265,0.0,0.0,0.0,0.0,47.992265,1439.767961,-247.852066,-1687.620027,112.455695,-280.90136,-3051.735515,-3197.240504,-12189.008289
B,centrale,5,3.6,9.03698,12.63698,12.63698,6.762943,3.162943,0.535171,6.762943,6.762943,0.270518,1.055019,8.08848,7.279632,0.808848,196.125342,9.806267,5.589572,180.729503,75.222861,5.100375,1.352589,64.8,0.0,0.72,1.014441,1.21733,0.811553,0.126805,5.4,9.290129,3.890129,5.4,0.0,0.0,0.0,99.053679,-17.650205,34.253679,-244.450205,270,49.290129,0.0,0.0,0.0,0.0,49.290129,1478.703884,-235.746321,-1714.450205,145.504989,-270.970835,-3287.481836,-3468.211339,-13903.458493
B,centrale,6,4.0,11.878761,15.878761,15.878761,8.157566,4.157566,0.513741,8.157566,8.157566,0.326303,1.27258,9.756449,8.780804,0.975645,236.569422,11.828471,6.742229,217.998722,90.734978,6.152151,1.631513,72.0,0.0,0.8,1.223635,1.468362,0.978908,0.152954,6.0,10.623859,4.623859,6.0,0.0,0.0,0.0,119.48008,-19.235696,47.48008,-271.235696,270,50.623859,0.0,0.0,0.0,0.0,50.623859,1518.715776,-222.51992,-1741.235696,180.729503,-259.789139,-3510.001756,-3728.000478,-15644.694189
B,centrale,7,4.333333,14.926035,19.259368,19.259368,9.557446,5.224112,0.496249,9.557446,9.557446,0.382298,1.490962,11.430705,10.287634,1.14307,277.165923,13.858296,7.899229,255.408398,106.305556,7.207891,1.911489,78.0,0.0,0.866667,1.433617,1.72034,1.146893,0.179202,6.5,11.846719,5.346719,6.5,0.0,0.0,0.0,139.983462,-20.418117,61.983462,-293.418117,270,51.846719,0.0,0.0,0.0,0.0,51.846719,1555.401579,-208.016538,-1763.418117,217.998722,-245.426214,-3718.018294,-3973.426693,-17408.112306
B,centrale,8,4.666667,18.103806,22.770473,22.770473,11.002999,6.336332,0.483213,11.002999,11.002999,0.44012,1.716468,13.159587,11.843628,1.315959,319.086968,15.954348,9.093979,294.038641,122.384156,8.298077,2.2006,84.0,0.0,0.933333,1.65045,1.98054,1.32036,0.206306,7.0,13.090989,6.090989,7.0,0.0,0.0,0.0,161.155808,-21.573864,77.155808,-315.573864,270,53.090989,0.0,0.0,0.0,0.0,53.090989,1592.729672,-192.844192,-1785.573864,255.408398,-231.474434,-3910.862486,-4204.901127,-19193.68617
B,centrale,9,5.0,21.404245,26.404245,26.404245,12.491486,7.491486,0.473086,12.491486,12.491486,0.499659,1.948672,14.939817,13.445835,1.493982,362.253083,18.112654,10.324213,333.816216,138.940296,9.420641,2.498297,90.0,0.0,1.0,1.873723,2.248467,1.498978,0.234215,7.5,14.355384,6.855384,7.5,0.0,0.0,0.0,182.956981,-22.704535,92.956981,-337.704535,270,54.355384,0.0,0.0,0.0,0.0,54.355384,1630.661516,-177.043019,-1807.704535,294.038641,-216.820594,-4087.905505,-4421.721721,-21001.390705
B,centrale,10,5.333333,24.81999,30.153323,30.153323,14.02033,8.686996,0.464968,14.02033,14.02033,0.560813,2.187171,16.768314,15.091483,1.676831,406.589565,20.329478,11.587803,374.672284,155.945324,10.573642,2.804066,96.0,0.0,1.066667,2.103049,2.523659,1.68244,0.262881,8.0,15.638696,7.638696,8.0,0.0,0.0,0.0,205.349251,-23.811637,109.349251,-359.811637,270,55.638696,0.0,0.0,0.0,0.0,55.638696,1669.160888,-160.650749,-1829.811637,333.816216,-201.506817,-4248.556254,-4623.228537,-22831.202342
B,centrale,11,5.666667,28.344124,34.010791,34.010791,15.58711,9.920443,0.458299,15.58711,15.58711,0.623484,2.431589,18.642184,16.777965,1.864218,452.026191,22.60131,12.882746,416.542135,173.372307,11.755253,3.117422,102.0,0.0,1.133333,2.338067,2.80568,1.870453,0.292258,8.5,16.939791,8.439791,8.5,0.0,0.0,0.0,228.297153,-24.896582,126.297153,-381.896582,270,56.939791,0.0,0.0,0.0,0.0,56.939791,1708.193735,-143.702847,-1851.896582,374.672284,-185.572698,-4392.259101,-4808.801236,-24683.098924
B,centrale,12,6.0,31.970143,37.970143,37.970143,17.18955,11.18955,0.452712,17.18955,17.18955,0.687582,2.68157,20.558702,18.502832,2.05587,498.496953,24.924848,14.207163,459.364942,191.195928,12.963757,3.43791,108.0,0.0,1.2,2.578433,3.094119,2.062746,0.322304,9.0,18.257602,9.257602,9.0,0.0,0.0,0.0,251.767347,-25.960701,143.767347,-403.960701,270,58.257602,0.0,0.0,0.0,0.0,58.257602,1747.728048,-126.232653,-1873.960701,416.542135,-169.05546,-4518.491754,-4977.856696,-26557.059625
B,centrale,13,6.166667,35.691935,41.858601,41.858601,18.658844,12.492177,0.445759,18.658844,18.658844,0.746354,2.91078,22.315977,20.084379,2.231598,541.106469,27.055323,15.421534,498.629611,207.538587,14.071847,3.731769,111.0,0.0,1.233333,2.798827,3.358592,2.239061,0.349853,9.25,19.229666,9.979666,9.25,0.0,0.0,0.0,273.287408,-26.102582,162.287408,-414.602582,270,59.229666,0.0,0.0,0.0,0.0,59.229666,1776.88999,-107.712592,-1884.602582,459.364942,-146.977261,-4626.204346,-5124.833957,-28441.662207
B,centrale,14,6.333333,39.347085,45.680418,45.680418,20.104813,13.77148,0.440119,20.104813,20.104813,0.804193,3.136351,24.045356,21.640821,2.404536,583.039581,29.151979,16.616628,537.270974,223.621815,15.162346,4.020963,114.0,0.0,1.266667,3.015722,3.618866,2.412578,0.376965,9.5,20.190798,10.690798,9.5,0.0,0.0,0.0,294.465849,-26.258085,180.465849,-425.258085,270,60.190798,0.0,0.0,0.0,0.0,60.190798,1805.723935,-89.534151,-1895.258085,498.629611,-128.175513,-4715.738497,-5253.009471,-30336.920293
B,centrale,15,6.5,42.939593,49.439593,49.439593,21.528858,15.028858,0.435458,21.528858,21.528858,0.861154,3.358502,25.748514,23.173662,2.574851,624.336872,31.216844,17.793601,575.326428,239.461178,16.236311,4.305772,117.0,0.0,1.3,3.229329,3.875194,2.583463,0.403666,9.75,21.141652,11.391652,9.75,0.0,0.0,0.0,315.323167,-26.426394,198.323167,-435.926394,270,61.141652,0.0,0.0,0.0,0.0,61.141652,1834.249561,-71.676833,-1905.926394,537.270974,-109.732287,-4787.41533,-5362.741758,-32242.846686
B,centrale,16,6.666667,46.473218,53.139884,53.139884,22.932293,16.265626,0.431546,22.932293,22.932293,0.917292,3.577438,27.427022,24.68432,2.742702,665.036493,33.251825,18.95354,612.831129,255.071307,17.294733,4.586459,120.0,0.0,1.333333,3.439844,4.127813,2.751875,0.42998,10.0,22.082846,12.082846,10.0,0.0,0.0,0.0,335.87863,-26.606738,215.87863,-446.606738,270,62.082846,0.0,0.0,0.0,0.0,62.082846,1862.485369,-54.12137,-1916.606738,575.326428,-91.62607,-4841.536699,-5454.367828,-34159.453425
B,centrale,17,6.833333,49.951491,56.784825,56.784825,24.316355,17.483022,0.428219,24.316355,24.316355,0.972654,3.793351,29.082361,26.174125,2.908236,705.174304,35.258715,20.097468,649.818121,270.465957,18.338544,4.863271,123.0,0.0,1.366667,3.647453,4.376944,2.917963,0.455932,10.25,23.014958,12.764958,10.25,0.0,0.0,0.0,356.150349,-26.798397,233.150349,-457.298397,270,63.014958,0.0,0.0,0.0,0.0,63.014958,1890.448746,-36.849651,-1927.298397,612.831129,-73.836643,-4878.38635,-5528.204471,-36086.751822
B,centrale,18,7.0,53.377735,60.377735,60.377735,25.682207,18.682207,0.425359,25.682207,25.682207,1.027288,4.006424,30.71592,27.644328,3.071592,744.784012,37.239201,21.226344,686.318467,285.658056,19.368622,5.136441,126.0,0.0,1.4,3.852331,4.622797,3.081865,0.481541,10.5,23.938535,13.438535,10.5,0.0,0.0,0.0,376.155348,-27.000692,250.155348,-468.000692,270,63.938535,0.0,0.0,0.0,0.0,63.938535,1918.15604,-19.844652,-1938.000692,649.818121,-56.344998,-4898.231002,-5584.549469,-38024.752514
B,centrale,19,7.166667,56.755071,63.921738,63.921738,27.030942,19.864275,0.422876,27.030942,27.030942,1.081238,4.216827,32.329006,29.096105,3.232901,783.897305,39.194865,22.341073,722.361366,300.659757,20.38579,5.406188,129.0,0.0,1.433333,4.054641,4.865569,3.243713,0.50683,10.75,24.854087,14.104087,10.75,0.0,0.0,0.0,395.909631,-27.212984,266.909631,-478.712984,270,64.854087,0.0,0.0,0.0,0.0,64.854087,1945.622616,-3.090369,-1948.712984,686.318467,-39.133268,-4901.32137,-5623.682737,-39973.465498
B,centrale,20,7.333333,60.086433,67.419767,67.419767,28.363585,21.030252,0.420701,28.363585,28.363585,1.134543,4.424719,33.922848,30.530563,3.392285,822.543967,41.127198,23.442503,757.974265,315.482484,21.390823,5.672717,132.0,0.0,1.466667,4.254538,5.105445,3.40363,0.531817,11.0,25.762097,14.762097,11.0,0.0,0.0,0.0,415.428241,-27.434674,283.428241,-489.434674,270,65.762097,0.0,0.0,0.0,0.0,65.762097,1972.862915,13.428241,-1959.434674,722.361366,-22.184658,-4887.893129,-5645.867394,-41932.900172
B,centrale,21,7.5,63.374581,70.874581,70.874581,29.681103,22.181103,0.418783,29.681103,29.681103,1.187244,4.630252,35.4986,31.94874,3.54986,860.751995,43.0376,24.531432,793.182964,330.136976,22.384449,5.936221,135.0,0.0,1.5,4.452165,5.342599,3.561732,0.556521,11.25,26.663017,15.413017,11.25,0.0,0.0,0.0,434.725318,-27.665197,299.725318,-500.165197,270,66.663017,0.0,0.0,0.0,0.0,66.663017,1999.890515,29.725318,-1970.165197,757.974265,-5.48338,-4858.167811,-5651.350775,-43903.065369
B,centrale,22,7.666667,66.622106,74.288773,74.288773,30.984404,23.317737,0.417081,30.984404,30.984404,1.239376,4.833567,37.057347,33.351612,3.705735,898.547709,44.927385,25.60861,828.011714,344.633326,23.367353,6.196881,138.0,0.0,1.533333,4.647661,5.577193,3.718128,0.580958,11.5,27.557273,16.057273,11.5,0.0,0.0,0.0,453.814154,-27.904024,315.814154,-510.904024,270,67.557273,0.0,0.0,0.0,0.0,67.557273,2026.718178,45.814154,-1980.904024,793.182964,10.985404,-4812.353657,-5640.365371,-45883.969392
B,centrale,23,7.833333,69.831446,77.66478,77.66478,32.27434,24.441006,0.41556,32.27434,32.27434,1.290974,5.034797,38.60011,34.740099,3.860011,935.955846,46.797792,26.674742,862.483312,358.981024,24.340177,6.454868,141.0,0.0,1.566667,4.841151,5.809381,3.872921,0.605144,11.75,28.445263,16.695263,11.75,0.0,0.0,0.0,472.707244,-28.150656,331.707244,-521.650656,270,68.445263,0.0,0.0,0.0,0.0,68.445263,2053.3579,61.707244,-1991.650656,828.011714,27.235645,-4750.646414,-5613.129726,-47875.620049
B,centrale,24,8.0,73.004893,81.004893,81.004893,33.551712,25.551712,0.414194,33.551712,33.551712,1.342068,5.234067,40.127848,36.115063,4.012785,972.999662,48.649983,27.73049,896.619189,373.188988,25.303527,6.710342,144.0,0.0,1.6,5.032757,6.039308,4.026205,0.629095,12.0,29.327365,17.327365,12.0,0.0,0.0,0.0,491.416331,-28.404626,347.416331,-532.404626,270,69.327365,0.0,0.0,0.0,0.0,69.327365,2079.820957,77.416331,-2002.404626,862.483312,43.280455,-4673.230082,-5569.849271,-49878.024674
B,favorevole,1,3.0,0,3.0,3.0,3.0,0.0,1.0,3.0,3.0,0.06,0.2142,3.2742,3.11049,0.16371,87.0,1.74,1.2789,83.9811,18.99036,2.310258,0.36,36.0,0.0,0.45,0.3,0.36,0.24,0.0225,2.4,3.7725,1.3725,2.4,0.0,0.0,0.0,62.320482,21.145482,26.320482,-86.854518,270,43.7725,40.0,0.0,0.0,1200.0,83.7725,1313.175,-243.679518,-1556.854518,0.0,-327.660618,-2243.679518,-2327.660618,-4756.854518
B,favorevole,2,3.8,2.895,6.695,6.695,5.2475,1.4475,0.783794,5.2475,5.2475,0.10495,0.374671,5.727121,5.440765,0.286356,152.1775,3.04355,2.237009,146.896941,33.217305,4.041026,0.6297,45.6,0.0,0.57,0.52475,0.6297,0.4198,0.039356,3.04,5.223606,2.183606,3.04,0.0,0.0,0.0,109.00891,43.500722,63.40891,-93.299278,270,45.223606,40.0,0.0,0.0,1200.0,85.223606,1356.708187,-206.59109,-1563.299278,83.9811,-269.506931,-2450.270608,-2597.167549,-7520.153796
B,favorevole,3,4.6,6.460675,11.060675,11.060675,7.830337,3.230338,0.707944,7.830337,7.830337,0.156607,0.559086,8.54603,8.118729,0.427302,227.079787,4.541596,3.338073,219.200119,49.566976,6.030033,0.93964,55.2,0.0,0.69,0.783034,0.93964,0.626427,0.058728,3.68,6.777829,3.097829,3.68,0.0,0.0,0.0,162.663469,69.728606,107.463469,-95.871394,270,46.777829,40.0,0.0,0.0,1200.0,86.777829,1403.334863,-162.536531,-1565.871394,146.896941,-234.839709,-2612.807139,-2832.007258,-10286.02519
B,favorevole,4,5.4,10.673551,16.073551,16.073551,10.736776,5.336776,0.667978,10.736776,10.736776,0.214736,0.766606,11.718117,11.132211,0.585906,311.366495,6.22733,4.577087,300.562078,67.965079,8.268241,1.288413,64.8,0.0,0.81,1.073678,1.288413,0.858942,0.080526,4.32,8.431559,4.111559,4.32,0.0,0.0,0.0,223.040345,99.69359,158.240345,-94.70641,270,48.431559,0.0,0.0,0.0,0.0,48.431559,1452.946756,-111.759655,-1564.70641,219.200119,-193.121613,-2724.566794,-3025.128871,-11850.7316
B,favorevole,5,6.2,15.510977,21.710977,21.710977,13.955489,7.755489,0.642785,13.955489,13.955489,0.27911,0.996422,15.23102,14.469469,0.761551,404.709168,8.094183,5.949225,390.665759,88.339917,10.746926,1.674659,74.4,0.0,0.93,1.395549,1.674659,1.116439,0.104666,4.96,10.181313,5.221313,4.96,0.0,0.0,0.0,289.904257,133.264876,215.504257,-89.935124,270,50.181313,0.0,0.0,0.0,0.0,50.181313,1505.439382,-54.495743,-1559.935124,300.562078,-144.599425,-2779.062536,-3169.728296,-13410.666725
B,favorevole,6,7.0,20.951093,27.951093,27.951093,17.475546,10.475546,0.625219,17.475546,17.475546,0.349511,1.247754,19.072811,18.119171,0.953641,506.790847,10.135817,7.449825,489.205204,110.622306,13.457674,2.097066,84.0,0.0,1.05,1.747555,2.097066,1.398044,0.131067,5.6,12.023731,6.423731,5.6,0.0,0.0,0.0,363.028159,170.316243,279.028159,-81.683757,270,52.023731,0.0,0.0,0.0,0.0,52.023731,1560.711916,9.028159,-1551.683757,390.665759,-89.511286,-2770.034377,-3259.239582,-14962.350482
B,favorevole,7,7.666667,26.972805,34.639471,34.639471,21.153069,13.486402,0.610664,21.153069,21.153069,0.423061,1.510329,23.086459,21.932137,1.154323,613.439,12.26878,9.017553,592.152667,133.901465,16.289682,2.538368,92.0,0.0,1.15,2.115307,2.538368,1.692246,0.158648,6.133333,13.787902,7.654569,6.133333,0.0,0.0,0.0,439.423152,209.78609,347.423152,-66.21391,270,53.787902,0.0,0.0,0.0,0.0,53.787902,1613.637061,77.423152,-1536.21391,489.205204,-25.524311,-2692.611226,-3284.763893,-16498.564391
B,favorevole,8,8.333333,33.42709,41.760423,41.760423,25.046878,16.713545,0.599775,25.046878,25.046878,0.500938,1.788347,27.336163,25.969355,1.366808,726.359469,14.527189,10.677484,701.154795,158.549745,19.28825,3.005625,100.0,0.0,1.25,2.504688,3.005625,2.00375,0.187852,6.666667,15.618582,8.951915,6.666667,0.0,0.0,0.0,520.311175,251.753723,420.311175,-48.246277,270,55.618582,0.0,0.0,0.0,0.0,55.618582,1668.557452,150.311175,-1518.246277,592.152667,41.309047,-2542.300051,-3243.454846,-18016.810668
B,favorevole,9,9.0,40.298808,49.298808,49.298808,29.149404,20.149404,0.59128,29.149404,29.149404,0.582988,2.081267,31.81366,30.222977,1.590683,845.332721,16.906654,12.426391,815.999675,184.519226,22.447548,3.497928,108.0,0.0,1.35,2.91494,3.497928,2.331952,0.218621,7.2,17.513442,10.313442,7.2,0.0,0.0,0.0,605.534972,296.131719,497.534972,-27.868281,270,57.513442,0.0,0.0,0.0,0.0,57.513442,1725.403253,227.534972,-1497.868281,701.154795,112.690092,-2314.765079,-3130.764754,-19514.678949
B,favorevole,10,9.666667,47.57335,57.240017,57.240017,33.453342,23.786675,0.58444,33.453342,33.453342,0.669067,2.388569,36.510977,34.685428,1.825549,970.146909,19.402938,14.26116,936.482811,211.763667,25.76195,4.014401,116.0,0.0,1.45,3.345334,4.014401,2.676267,0.2509,7.733333,19.470236,11.736903,7.733333,0.0,0.0,0.0,694.942793,342.835716,578.942793,-5.164284,270,59.470236,0.0,0.0,0.0,0.0,59.470236,1784.107077,308.942793,-1475.164284,815.999675,188.459657,-2005.822286,-2942.305097,-20989.843234
B,favorevole,11,10.333333,55.236616,65.569949,65.569949,37.951641,27.618308,0.578796,37.951641,37.951641,0.759033,2.709747,41.420421,39.3494,2.071021,1100.5976,22.011952,16.178785,1062.406864,240.238444,29.226028,4.554197,124.0,0.0,1.55,3.795164,4.554197,3.036131,0.284637,8.266667,21.486796,13.22013,8.266667,0.0,0.0,0.0,788.388195,391.784303,664.388195,19.784303,270,61.486796,0.0,0.0,0.0,0.0,61.486796,1844.603892,394.388195,-1450.215697,936.482811,268.464142,-1611.434091,-2673.840955,-22440.058931
B,favorevole,12,11.0,63.275001,74.275001,74.275001,42.637501,31.637501,0.574049,42.637501,42.637501,0.85275,3.044318,46.534568,44.20784,2.326728,1236.487518,24.72975,18.176367,1193.581401,269.900495,32.834542,5.1165,132.0,0.0,1.65,4.26375,5.1165,3.411,0.319781,8.8,23.561031,14.761031,8.8,0.0,0.0,0.0,885.729863,442.89892,753.729863,46.89892,270,63.561031,0.0,0.0,0.0,0.0,63.561031,1906.830943,483.729863,-1423.10108,1062.406864,352.555326,-1127.704228,-2321.285629,-23863.160011
B,favorevole,13,11.5,71.675376,83.175376,83.175376,47.337688,35.837688,0.569131,47.337688,47.337688,0.946754,3.379911,51.664353,49.081135,2.583218,1372.792955,27.455859,20.180056,1325.157039,299.653246,36.454091,5.680523,138.0,0.0,1.725,4.733769,5.680523,3.787015,0.355033,9.2,25.481339,16.281339,9.2,0.0,0.0,0.0,983.369179,494.929007,845.369179,80.929007,270,65.481339,0.0,0.0,0.0,0.0,65.481339,1964.440173,575.369179,-1389.070993,1193.581401,443.793541,-552.335049,-1877.492088,-25252.231004
B,favorevole,14,12.0,80.264238,92.264238,92.264238,52.132119,40.132119,0.565031,52.132119,52.132119,1.042642,3.722233,56.896995,54.052145,2.84485,1511.831451,30.236629,22.223922,1459.3709,330.002569,40.146215,6.255854,144.0,0.0,1.8,5.213212,6.255854,4.17057,0.390991,9.6,27.430627,17.830627,9.6,0.0,0.0,0.0,1082.966261,548.047464,938.966261,116.047464,270,67.430627,0.0,0.0,0.0,0.0,67.430627,2022.918798,668.966261,-1353.952536,1325.157039,534.752401,116.631213,-1342.739687,-26606.18354
B,favorevole,15,12.5,89.03499,101.53499,101.53499,57.017495,44.517495,0.561555,57.017495,57.017495,1.14035,4.071049,62.228894,59.117449,3.111445,1653.50735,33.070147,24.306558,1596.130645,360.927584,43.908375,6.842099,150.0,0.0,1.875,5.701749,6.842099,4.5614,0.427631,10.0,29.40788,19.40788,10.0,0.0,0.0,0.0,1184.452587,602.216197,1034.452587,152.216197,270,69.40788,0.0,0.0,0.0,0.0,69.40788,2082.23639,764.452587,-1317.783803,1459.3709,627.692841,881.0838,-715.046846,-27923.967343
B,favorevole,16,13.0,97.981265,110.981265,110.981265,61.990633,48.990633,0.558568,61.990633,61.990633,1.239813,4.426131,67.656576,64.273748,3.382829,1797.728343,35.954567,26.426607,1735.34717,392.408143,47.738118,7.438876,156.0,0.0,1.95,6.199063,7.438876,4.959251,0.46493,10.4,31.412119,21.012119,10.4,0.0,0.0,0.0,1287.762033,657.398448,1131.762033,189.398448,270,71.412119,0.0,0.0,0.0,0.0,71.412119,2142.363585,861.762033,-1280.601552,1596.130645,722.545508,1742.845832,7.498663,-29204.568896
B,favorevole,17,13.5,107.096921,120.596921,120.596921,67.04846,53.54846,0.555972,67.04846,67.04846,1.340969,4.78726,73.17669,69.517855,3.658834,1944.405351,38.888107,28.582759,1876.934485,424.4248,51.633081,8.045815,162.0,0.0,2.025,6.704846,8.045815,5.363877,0.502863,10.8,33.442402,22.642402,10.8,0.0,0.0,0.0,1392.830789,713.558742,1230.830789,227.558742,270,73.442402,0.0,0.0,0.0,0.0,73.442402,2203.272047,960.830789,-1242.441258,1735.34717,819.243474,2703.676622,826.742136,-30447.010153
B,favorevole,18,14.0,116.376029,130.376029,130.376029,72.188014,58.188014,0.553691,72.188014,72.188014,1.44376,5.154224,78.785999,74.846699,3.9393,2093.452414,41.869048,30.77375,2020.809615,456.958793,55.590979,8.662562,168.0,0.0,2.1,7.218801,8.662562,5.775041,0.54141,11.2,35.497814,24.297814,11.2,0.0,0.0,0.0,1499.597281,770.66285,1331.597281,266.66285,270,75.497814,0.0,0.0,0.0,0.0,75.497814,2264.934432,1061.597281,-1203.33715,1876.934485,917.722152,3765.273903,1744.464288,-31650.347304
B,favorevole,19,14.333333,125.812868,140.146201,140.146201,77.239767,62.906434,0.551137,77.239767,77.239767,1.544795,5.514919,84.299482,80.084508,4.214974,2239.953246,44.799065,32.927313,2162.226868,488.936995,59.481263,9.268772,172.0,0.0,2.15,7.723977,9.268772,6.179181,0.579298,11.466667,37.367895,25.901228,11.466667,0.0,0.0,0.0,1604.539838,827.502987,1432.539838,311.502987,270,77.367895,0.0,0.0,0.0,0.0,77.367895,2321.036852,1162.539838,-1158.497013,2020.809615,1021.122585,4927.813742,2765.586873,-32808.844317
B,favorevole,20,14.666667,135.241084,149.907751,149.907751,82.287209,67.620542,0.548919,82.287209,82.287209,1.645744,5.875307,89.808259,85.317846,4.490413,2386.329049,47.726581,35.079037,2303.523431,520.887905,63.368227,9.874465,176.0,0.0,2.2,8.228721,9.874465,6.582977,0.617154,11.733333,39.23665,27.503317,11.733333,0.0,0.0,0.0,1709.392834,884.293335,1533.392834,356.293335,270,79.23665,0.0,0.0,0.0,0.0,79.23665,2377.099499,1263.392834,-1113.706665,2162.226868,1122.096271,6191.206575,3887.683144,-33922.550982
B,favorevole,21,15.0,144.660979,159.660979,159.660979,87.33049,72.33049,0.546975,87.33049,87.33049,1.74661,6.235397,95.312496,90.546872,4.765625,2532.584199,50.651684,37.228988,2444.703527,552.812479,67.251987,10.479659,180.0,0.0,2.25,8.733049,10.479659,6.986439,0.654979,12.0,41.104126,29.104126,12.0,0.0,0.0,0.0,1814.159402,941.035635,1634.159402,401.035635,270,81.104126,0.0,0.0,0.0,0.0,81.104126,2433.123767,1364.159402,-1068.964365,2303.523431,1222.979306,7555.365977,5110.66245,-34991.515347
B,favorevole,22,15.333333,154.072845,169.406178,169.406178,92.369756,77.036422,0.545256,92.369756,92.369756,1.847395,6.595201,100.812351,95.771734,5.040618,2678.722919,53.574458,39.377227,2585.771233,584.711639,71.132656,11.084371,184.0,0.0,2.3,9.236976,11.084371,7.38958,0.692773,12.266667,42.970367,30.7037,12.266667,0.0,0.0,0.0,1918.842568,997.731571,1734.842568,445.731571,270,82.970367,0.0,0.0,0.0,0.0,82.970367,2489.110997,1464.842568,-1024.268429,2444.703527,1323.774862,9020.208546,6434.437312,-36015.783776
B,favorevole,23,15.666667,163.476962,179.143629,179.143629,97.405148,81.738481,0.543727,97.405148,97.405148,1.948103,6.954728,106.307978,100.992579,5.315399,2824.749283,56.494986,41.523814,2726.730483,616.586274,75.010341,11.688618,188.0,0.0,2.35,9.740515,11.688618,7.792412,0.730539,12.533333,44.835416,32.302083,12.533333,0.0,0.0,0.0,2023.445251,1054.382764,1835.445251,490.382764,270,84.835416,0.0,0.0,0.0,0.0,84.835416,2545.062487,1565.445251,-979.617236,2585.771233,1424.486002,10585.653797,7858.923314,-36995.401012
B,favorevole,24,16.0,172.873602,188.873602,188.873602,102.436801,86.436801,0.542356,102.436801,102.436801,2.048736,7.313988,111.799524,106.209548,5.589976,2970.667225,59.413344,43.668808,2867.585072,648.437242,78.885146,12.292416,192.0,0.0,2.4,10.24368,12.292416,8.194944,0.768276,12.8,46.699316,33.899316,12.8,0.0,0.0,0.0,2127.970268,1110.99078,1935.970268,534.99078,270,86.699316,0.0,0.0,0.0,0.0,86.699316,2600.979488,1665.970268,-935.00922,2726.730483,1525.115679,12251.624065,9384.038993,-37930.410232
D,prudente,1,1.0,0,1.0,1.0,1.0,0.0,1.0,2.0,1.0,0.08,0.27,1.35,1.107,0.243,99.0,9.9,4.455,84.645,17.577,1.88053,0.32,45.0,0.0,0.5,0.4,0.9,0.35,0.04,4.0,6.19,2.19,4.0,0.0,0.0,0.0,64.86747,-0.83253,19.86747,-165.83253,450,46.19,60.0,0.0,0.0,1800.0,106.19,1385.7,-430.13253,-1815.83253,0.0,-514.77753,-3430.13253,-3514.77753,-6615.83253
D,prudente,2,1.2,0.92,2.12,2.12,1.384,0.184,0.65283,2.768,1.384,0.11072,0.37368,1.8684,1.532088,0.336312,137.016,13.7016,6.16572,117.14868,24.326568,2.602654,0.44288,54.0,0.0,0.6,0.5536,1.2456,0.4844,0.05536,4.8,7.73896,2.93896,4.8,0.0,0.0,0.0,89.776578,1.607778,35.776578,-196.392222,450,47.73896,60.0,0.0,0.0,1800.0,107.73896,1432.1688,-414.223422,-1846.392222,84.645,-446.727102,-3844.355952,-3961.504632,-10262.224752
D,prudente,3,1.4,1.9504,3.3504,3.3504,1.79008,0.39008,0.534288,3.58016,1.79008,0.143206,0.483322,2.416608,1.981619,0.434989,177.21792,17.721792,7.974806,151.521322,31.464236,3.366299,0.572826,63.0,0.0,0.7,0.716032,1.611072,0.626528,0.071603,5.6,9.325235,3.725235,5.6,0.0,0.0,0.0,116.117961,4.360905,53.117961,-226.639095,450,49.325235,60.0,0.0,0.0,1800.0,109.325235,1479.757056,-396.882039,-1876.639095,117.14868,-431.254681,-4241.237991,-4392.759312,-13938.863847
D,prudente,4,1.6,3.082368,4.682368,4.682368,2.216474,0.616474,0.473366,4.432947,2.216474,0.177318,0.598448,2.992239,2.453636,0.538603,219.430886,21.943089,9.87439,187.613408,38.958956,4.168145,0.709272,72.0,0.0,0.8,0.886589,1.994826,0.775766,0.088659,6.4,10.94584,4.54584,6.4,0.0,0.0,0.0,143.777035,7.401823,71.777035,-256.598177,450,50.94584,0.0,0.0,0.0,0.0,50.94584,1528.375212,-378.222965,-1906.598177,151.521322,-414.315052,-4619.460956,-4807.074364,-15845.462024
D,prudente,5,1.8,4.307779,6.107779,6.107779,2.661556,0.861556,0.435765,5.323111,2.661556,0.212924,0.71862,3.5931,2.946342,0.646758,263.494015,26.349402,11.857231,225.287383,46.782165,5.005135,0.851698,81.0,0.0,0.9,1.064622,2.3954,0.931544,0.106462,7.2,12.598029,5.398029,7.2,0.0,0.0,0.0,172.648385,10.707511,91.648385,-286.292489,450,52.598029,0.0,0.0,0.0,0.0,52.598029,1577.940875,-358.351615,-1936.292489,187.613408,-396.02559,-4977.812571,-5203.099954,-17781.754513
D,prudente,6,2.0,5.619156,7.619156,7.619156,3.123831,1.123831,0.409997,6.247663,3.123831,0.249907,0.843434,4.217172,3.458081,0.759091,309.259294,30.925929,13.916668,264.416697,54.907582,5.874458,0.999626,90.0,0.0,1.0,1.249533,2.811448,1.093341,0.124953,8.0,14.279275,6.279275,8.0,0.0,0.0,0.0,202.63503,14.256786,112.63503,-315.743214,450,54.279275,0.0,0.0,0.0,0.0,54.279275,1628.378245,-337.36497,-1965.743214,225.287383,-376.494283,-5315.177541,-5579.594237,-19747.497727
D,prudente,7,2.166667,7.009624,9.17629,9.17629,3.568591,1.401925,0.388893,7.137183,3.568591,0.285487,0.96352,4.817598,3.950431,0.867168,353.290551,35.329055,15.898075,302.063421,62.725131,6.710843,1.141949,97.5,0.0,1.083333,1.427437,3.211732,1.249007,0.142744,8.666667,15.78092,7.114253,8.666667,0.0,0.0,0.0,231.485497,18.057912,133.985497,-339.442088,450,55.78092,0.0,0.0,0.0,0.0,55.78092,1673.427585,-316.014503,-1989.442088,264.416697,-353.661227,-5631.192044,-5933.255464,-21736.939815
D,prudente,8,2.333333,8.442187,10.775521,10.775521,4.021771,1.688437,0.373232,8.043542,4.021771,0.321742,1.085878,5.429391,4.4521,0.97729,398.155307,39.815531,17.916989,340.422787,70.690665,7.563061,1.286967,105.0,0.0,1.166667,1.608708,3.619594,1.40762,0.160871,9.333333,17.296793,7.963459,9.333333,0.0,0.0,0.0,260.882095,21.978317,155.882095,-363.021683,450,57.296793,0.0,0.0,0.0,0.0,57.296793,1718.903778,-294.117905,-2013.021683,302.063421,-332.477271,-5925.309949,-6265.732736,-23749.961499
D,prudente,9,2.5,9.913479,12.413479,12.413479,4.482696,1.982696,0.361115,8.965392,4.482696,0.358616,1.210328,6.051639,4.962344,1.089295,443.786882,44.378688,19.97041,379.437784,78.792344,8.429844,1.434463,112.5,0.0,1.25,1.793078,4.034426,1.568944,0.179308,10.0,18.825756,8.825756,10.0,0.0,0.0,0.0,290.781134,26.008458,178.281134,-386.491542,450,58.825756,0.0,0.0,0.0,0.0,58.825756,1764.772676,-271.718866,-2036.491542,340.422787,-310.733863,-6197.028815,-6576.466599,-25786.453041
D,prudente,10,2.666667,11.420401,14.087067,14.087067,4.950747,2.28408,0.351439,9.901494,4.950747,0.39606,1.336702,6.683508,5.480477,1.203031,490.123932,49.012393,22.055577,419.055961,87.019276,9.310028,1.584239,120.0,0.0,1.333333,1.980299,4.455672,1.732761,0.19803,10.666667,20.366762,9.700095,10.666667,0.0,0.0,0.0,321.142418,30.139557,201.142418,-409.860443,450,60.366762,0.0,0.0,0.0,0.0,60.366762,1811.002862,-248.857582,-2059.860443,379.437784,-288.475759,-6445.886396,-6864.942358,-27846.313484
D,prudente,11,2.833333,12.960102,15.793435,15.793435,5.425354,2.59202,0.34352,10.850707,5.425354,0.434028,1.464846,7.324228,6.005867,1.318361,537.110017,53.711002,24.169951,459.229065,95.361442,10.20254,1.736113,127.5,0.0,1.416667,2.170141,4.882818,1.898874,0.217014,11.333333,21.918848,10.585514,11.333333,0.0,0.0,0.0,351.928969,34.363536,224.428969,-433.136464,450,61.918848,0.0,0.0,0.0,0.0,61.918848,1857.565433,-225.571031,-2083.136464,419.055961,-265.744134,-6671.457427,-7130.686492,-29929.449948
D,prudente,12,3.0,14.52996,17.52996,17.52996,5.905992,2.905992,0.336908,11.811984,5.905992,0.472479,1.594618,7.973089,6.537933,1.435156,584.693216,58.469322,26.311195,499.912699,103.809623,11.106395,1.889917,135.0,0.0,1.5,2.362397,5.315393,2.067097,0.23624,12.0,23.481127,11.481127,12.0,0.0,0.0,0.0,383.106764,38.672966,248.106764,-456.327034,450,63.481127,0.0,0.0,0.0,0.0,63.481127,1904.433798,-201.893236,-2106.327034,459.229065,-242.576871,-6873.350663,-7373.263363,-32035.776983
D,prudente,13,3.166667,16.127564,19.29423,19.29423,6.392179,3.225513,0.3313,12.784359,6.392179,0.511374,1.725888,8.629442,7.076143,1.5533,632.825758,63.282576,28.477159,541.066023,112.355337,12.020685,2.045497,142.5,0.0,1.583333,2.556872,5.752961,2.237263,0.255687,12.666667,25.052783,12.386116,12.666667,0.0,0.0,0.0,414.644504,43.06101,272.144504,-479.43899,450,65.052783,0.0,0.0,0.0,0.0,65.052783,1951.583494,-177.855496,-2129.43899,499.912699,-219.00882,-7051.206159,-7592.272183,-34165.215973
D,prudente,14,3.333333,17.750692,21.084025,21.084025,6.883472,3.550138,0.326478,13.766943,6.883472,0.550678,1.858537,9.292687,7.620003,1.672684,681.463698,68.14637,30.665866,582.651462,120.990782,12.944575,2.202711,150.0,0.0,1.666667,2.753389,6.195125,2.409215,0.275339,13.333333,26.633067,13.299734,13.333333,0.0,0.0,0.0,446.513394,47.521379,296.513394,-502.478621,450,66.633067,0.0,0.0,0.0,0.0,66.633067,1998.992015,-153.486606,-2152.478621,541.066023,-195.072044,-7204.692766,-7787.344227,-36317.694594
D,prudente,15,3.5,19.397303,22.897303,22.897303,7.379461,3.879461,0.322285,14.758921,7.379461,0.590357,1.992454,9.962272,8.169063,1.793209,730.566602,73.05666,32.875497,624.634445,129.708779,13.877297,2.361427,157.5,0.0,1.75,2.951784,6.641515,2.582811,0.295178,14.0,28.221288,14.221288,14.0,0.0,0.0,0.0,478.686941,52.048287,321.186941,-525.451713,450,68.221288,0.0,0.0,0.0,0.0,68.221288,2046.638654,-128.813059,-2175.451713,582.651462,-170.796042,-7333.505825,-7958.14027,-38493.146307
D,prudente,16,3.666667,21.065519,24.732186,24.732186,7.87977,4.213104,0.318604,15.759541,7.87977,0.630382,2.127538,10.63769,8.722906,1.914784,780.097274,78.009727,35.104377,666.983169,138.502725,14.818145,2.521527,165.0,0.0,1.833333,3.151908,7.091793,2.75792,0.315191,14.666667,29.816812,15.150145,14.666667,0.0,0.0,0.0,511.140773,56.636411,346.140773,-548.363589,450,69.816812,0.0,0.0,0.0,0.0,69.816812,2094.504361,-103.859227,-2198.363589,624.634445,-146.207952,-7437.365052,-8104.348221,-40691.509896
D,prudente,17,3.833333,22.753611,26.586944,26.586944,8.384055,4.550722,0.315345,16.768111,8.384055,0.670724,2.263695,11.318475,9.281149,2.037325,830.021492,83.002149,37.350967,709.668376,147.366543,15.766468,2.682898,172.5,0.0,1.916667,3.353622,7.54565,2.934419,0.335362,15.333333,31.419054,16.08572,15.333333,0.0,0.0,0.0,543.852467,61.280854,371.352467,-571.219146,450,71.419054,0.0,0.0,0.0,0.0,71.419054,2142.571613,-78.647533,-2221.219146,666.983169,-121.33274,-7516.012585,-8225.680961,-42912.729042
D,prudente,18,4.0,24.459989,28.459989,28.459989,8.891998,4.891998,0.312439,17.783995,8.891998,0.71136,2.400839,12.004197,9.843441,2.160755,880.307773,88.030777,39.61385,752.663146,156.294644,16.721668,2.845439,180.0,0.0,2.0,3.556799,8.002798,3.112199,0.35568,16.0,33.027476,17.027476,16.0,0.0,0.0,0.0,576.801394,65.977111,396.801394,-594.022889,450,73.027476,0.0,0.0,0.0,0.0,73.027476,2190.824284,-53.198606,-2244.022889,709.668376,-96.193376,-7569.211191,-8321.874337,-45156.751931
D,prudente,19,4.166667,26.183189,30.349856,30.349856,9.403305,5.236638,0.30983,18.806609,9.403305,0.752264,2.538892,12.694461,10.409458,2.285003,930.927151,93.092715,41.891722,795.942714,165.281884,17.683196,3.009057,187.5,0.0,2.083333,3.761322,8.462974,3.291157,0.376132,16.666667,34.641585,17.974918,16.666667,0.0,0.0,0.0,609.968576,70.721035,422.468576,-616.778965,450,74.641585,0.0,0.0,0.0,0.0,74.641585,2239.247541,-27.531424,-2266.778965,752.663146,-70.810992,-7596.742615,-8392.685329,-47423.530896
D,prudente,20,4.333333,27.921868,32.255201,32.255201,9.917707,5.584374,0.307476,19.835414,9.917707,0.793417,2.677781,13.388904,10.978901,2.410003,981.852979,98.185298,44.183384,839.484297,174.323533,18.650545,3.173666,195.0,0.0,2.166667,3.967083,8.925936,3.471197,0.396708,17.333333,36.260925,18.927591,17.333333,0.0,0.0,0.0,643.336552,75.508814,448.336552,-639.491186,450,76.260925,0.0,0.0,0.0,0.0,76.260925,2287.827738,-1.663448,-2289.491186,795.942714,-45.205031,-7598.406063,-8437.89036,-49713.022081
D,prudente,21,4.5,29.674785,34.174785,34.174785,10.434957,5.934957,0.305341,20.869914,10.434957,0.834797,2.817438,14.087192,11.551497,2.535695,1033.06074,103.306074,46.487733,883.266933,183.415239,19.62325,3.339186,202.5,0.0,2.25,4.173983,9.391461,3.652235,0.417398,18.0,37.885077,19.885077,18.0,0.0,0.0,0.0,676.889258,80.33694,474.389258,-662.16306,450,77.885077,0.0,0.0,0.0,0.0,77.885077,2336.552319,24.389258,-2312.16306,839.484297,-19.393378,-7574.016805,-8457.283738,-52025.185142
D,prudente,22,4.666667,31.440802,36.107469,36.107469,10.954827,6.28816,0.303395,21.909654,10.954827,0.876386,2.957803,14.789017,12.126994,2.662023,1084.527881,108.452788,48.803755,927.271338,192.552996,20.600881,3.505545,210.0,0.0,2.333333,4.381931,9.859344,3.834189,0.438193,18.666667,39.513658,20.846991,18.666667,0.0,0.0,0.0,710.611917,85.202184,500.611917,-684.797816,450,79.513658,0.0,0.0,0.0,0.0,79.513658,2385.409733,50.611917,-2334.797816,883.266933,6.607512,-7523.404888,-8450.676226,-54359.982957
D,prudente,23,4.833333,33.218871,38.052205,38.052205,11.477108,6.643774,0.301615,22.954215,11.477108,0.918169,3.098819,15.494095,12.705158,2.788937,1136.233651,113.623365,51.130514,971.479771,201.73312,21.583045,3.672674,217.5,0.0,2.416667,4.590843,10.329397,4.016988,0.459084,19.333333,41.146312,21.812978,19.333333,0.0,0.0,0.0,744.490932,90.101577,526.990932,-707.398423,450,81.146312,0.0,0.0,0.0,0.0,81.146312,2434.389354,76.990932,-2357.398423,927.271338,32.782499,-7446.413956,-8417.893727,-56717.38138
D,prudente,24,5.0,35.008028,40.008028,40.008028,12.001606,7.001606,0.29998,24.003211,12.001606,0.960128,3.240434,16.202168,13.285777,2.91639,1188.158959,118.815896,53.467153,1015.87591,210.952222,22.569379,3.840514,225.0,0.0,2.5,4.800642,10.801445,4.200562,0.480064,20.0,42.782714,22.782714,20.0,0.0,0.0,0.0,778.513794,95.032388,553.513794,-729.967612,450,82.782714,0.0,0.0,0.0,0.0,82.782714,2483.481406,103.513794,-2379.967612,971.479771,59.117656,-7342.900162,-8358.776072,-59097.348992
D,centrale,1,1.0,0,1.0,1.0,1.0,0.0,1.0,2.0,1.3,0.052,0.2028,1.5548,1.39932,0.15548,99.0,4.95,2.8215,91.2285,14.45964,1.971115,0.2,30.0,0.0,0.35,0.3,0.55,0.2,0.01875,3.0,4.41875,1.41875,3.0,0.0,0.0,0.0,74.597745,32.035245,44.597745,-87.964755,450,44.41875,60.0,0.0,0.0,1800.0,104.41875,1332.5625,-405.402255,-1737.964755,0.0,-496.630755,-3405.402255,-3496.630755,-6537.964755
D,centrale,2,1.2,0.95,2.15,2.15,2.15,0.95,1.0,4.3,2.795,0.1118,0.43602,3.34282,3.008538,0.334282,212.85,10.6425,6.066225,196.141275,31.088226,4.237897,0.43,36.0,0.0,0.42,0.645,1.1825,0.43,0.040313,3.6,6.317813,2.717813,3.6,0.0,0.0,0.0,160.385152,78.850777,124.385152,-65.149223,450,46.317813,60.0,0.0,0.0,1800.0,106.317813,1389.534375,-325.614848,-1715.149223,91.2285,-430.527623,-3731.017103,-3927.158378,-10053.113978
D,centrale,3,1.4,2.0425,3.4425,3.4425,3.4425,2.0425,1.0,6.885,4.47525,0.17901,0.698139,5.352399,4.817159,0.53524,340.8075,17.040375,9.713014,314.054111,49.777311,6.785563,0.6885,42.0,0.0,0.49,1.03275,1.893375,0.6885,0.064547,4.2,8.369172,4.169172,4.2,0.0,0.0,0.0,256.802737,131.727581,214.802737,-36.272419,450,48.369172,60.0,0.0,0.0,1800.0,108.369172,1451.075156,-235.197263,-1686.272419,196.141275,-353.110099,-3966.214366,-4280.268477,-13539.386397
D,centrale,4,1.6,3.270375,4.870375,4.870375,4.870375,3.270375,1.0,9.74075,6.331487,0.253259,0.987712,7.572459,6.815213,0.757246,482.167125,24.108356,13.741763,444.317006,70.423869,9.600069,0.974075,48.0,0.0,0.56,1.461112,2.678706,0.974075,0.09132,4.8,10.565213,5.765213,4.8,0.0,0.0,0.0,363.318992,190.362594,315.318992,-1.637406,450,50.565213,0.0,0.0,0.0,0.0,50.565213,1516.956398,-134.681008,-1651.637406,314.054111,-264.943902,-4100.895374,-4545.212379,-15191.023803
D,centrale,5,1.8,4.626856,6.426856,6.426856,6.426856,4.626856,1.0,12.853712,8.354913,0.334197,1.303366,9.992476,8.993228,0.999248,636.258769,31.812938,18.133375,586.312455,92.930028,12.668073,1.285371,54.0,0.0,0.63,1.928057,3.534771,1.285371,0.120504,5.4,12.898703,7.498703,5.4,0.0,0.0,0.0,479.428984,254.467905,425.428984,38.467905,450,52.898703,0.0,0.0,0.0,0.0,52.898703,1586.961079,-24.571016,-1611.532095,444.317006,-166.566466,-4125.46639,-4711.778845,-16802.555898
D,centrale,6,2.0,6.105513,8.105513,8.105513,8.105513,6.105513,1.0,16.211027,10.537167,0.421487,1.643798,12.602452,11.342207,1.260245,802.44583,40.122292,22.869706,739.453833,117.202806,15.976899,1.621103,60.0,0.0,0.7,2.431654,4.458032,1.621103,0.151978,6.0,15.362767,9.362767,6.0,0.0,0.0,0.0,604.653025,323.77,544.653025,83.77,450,55.362767,0.0,0.0,0.0,0.0,55.362767,1660.883025,94.653025,-1566.23,586.312455,-58.488353,-4030.813366,-4770.267198,-18368.785898
D,centrale,7,2.166667,7.700238,9.866904,9.866904,9.866904,7.700238,1.0,19.733809,12.826976,0.513079,2.001008,15.341063,13.806957,1.534106,976.823539,48.841177,27.839471,900.142891,142.671886,19.448803,1.973381,65.0,0.0,0.758333,2.960071,5.426797,1.973381,0.185004,6.5,17.803587,11.303587,6.5,0.0,0.0,0.0,736.048821,396.941197,671.048821,136.941197,450,57.803587,0.0,0.0,0.0,0.0,57.803587,1734.107623,221.048821,-1513.058803,739.453833,60.359762,-3809.764545,-4709.907436,-19881.844701
D,centrale,8,2.333333,9.373559,11.706893,11.706893,11.706893,9.373559,1.0,23.413785,15.21896,0.608758,2.374158,18.201877,16.381689,1.820188,1158.982362,57.949118,33.030997,1068.002246,169.277452,23.075631,2.341379,70.0,0.0,0.816667,3.512068,6.438791,2.341379,0.219504,7.0,20.328408,13.328408,7.0,0.0,0.0,0.0,873.307785,473.455543,803.307785,193.455543,450,60.328408,0.0,0.0,0.0,0.0,60.328408,1809.852242,353.307785,-1456.544457,900.142891,185.448429,-3456.45676,-4524.459007,-21338.389158
D,centrale,9,2.5,11.121548,13.621548,13.621548,13.621548,11.121548,1.0,27.243096,17.708012,0.70832,2.76245,21.178783,19.060904,2.117878,1348.533244,67.426662,38.433197,1242.673384,196.962679,26.849637,2.72431,75.0,0.0,0.875,4.086464,7.491851,2.72431,0.255404,7.5,22.933029,15.433029,7.5,0.0,0.0,0.0,1016.136758,553.145878,941.136758,253.145878,450,62.933029,0.0,0.0,0.0,0.0,62.933029,1887.99088,491.136758,-1396.854122,1068.002246,316.46562,-2965.320002,-4207.993386,-22735.24328
D,centrale,10,2.666667,12.940471,15.607137,15.607137,15.607137,12.940471,1.0,31.214274,20.289278,0.811571,3.165127,24.265977,21.839379,2.426598,1545.106582,77.255329,44.035538,1423.815715,225.673585,30.763462,3.121427,80.0,0.0,0.933333,4.682141,8.583925,3.121427,0.292634,8.0,25.613461,17.613461,8.0,0.0,0.0,0.0,1164.25724,635.853404,1084.25724,315.853404,450,65.613461,0.0,0.0,0.0,0.0,65.613461,1968.403836,634.25724,-1334.146596,1242.673384,453.114909,-2331.062762,-3754.878477,-24069.389876
D,centrale,11,2.833333,14.82678,17.660114,17.660114,17.660114,14.82678,1.0,35.320227,22.958148,0.918326,3.581471,27.457945,24.71215,2.745794,1748.351252,87.417563,49.828011,1611.105679,255.358886,34.810115,3.532023,85.0,0.0,0.991667,5.298034,9.713063,3.532023,0.331127,8.5,28.365913,19.865913,8.5,0.0,0.0,0.0,1317.404656,721.427261,1232.404656,381.427261,450,68.365913,0.0,0.0,0.0,0.0,68.365913,2050.977394,782.404656,-1268.572739,1423.815715,595.114691,-1548.658106,-3159.763786,-25337.962615
D,centrale,12,3.0,16.777108,19.777108,19.777108,19.777108,16.777108,1.0,39.554216,25.71024,1.02841,4.010797,30.749447,27.674503,3.074945,1957.93369,97.896684,55.80111,1804.235895,285.969862,38.982954,3.955422,90.0,0.0,1.05,5.933132,10.877409,3.955422,0.370821,9.0,31.186784,22.186784,9.0,0.0,0.0,0.0,1475.327658,809.724133,1385.327658,449.724133,450,71.186784,0.0,0.0,0.0,0.0,71.186784,2135.603525,935.327658,-1200.275867,1611.105679,742.197442,-613.330449,-2417.566344,-26538.238482
D,centrale,13,3.166667,18.788253,21.954919,21.954919,21.954919,18.788253,1.0,43.909838,28.541395,1.141656,4.452458,34.135508,30.721958,3.413551,2173.537005,108.67685,61.945805,2002.91435,317.460229,43.275671,4.390984,95.0,0.0,1.108333,6.586476,12.075206,4.390984,0.411655,9.5,34.072653,24.572653,9.5,0.0,0.0,0.0,1637.787467,900.607869,1542.787467,520.607869,450,74.072653,0.0,0.0,0.0,0.0,74.072653,2222.179598,1092.787467,-1129.392131,1804.235895,894.109012,479.457019,-1523.457332,-27667.630613
D,centrale,14,3.333333,20.857173,24.190507,24.190507,24.190507,20.857173,1.0,48.381013,31.447659,1.257906,4.905835,37.6114,33.85026,3.76114,2394.860155,119.743008,68.253514,2206.863633,349.786017,47.68227,4.838101,100.0,0.0,1.166667,7.257152,13.304779,4.838101,0.453572,10.0,37.020271,27.020271,10.0,0.0,0.0,0.0,1804.557244,993.949126,1704.557244,593.949126,450,77.020271,0.0,0.0,0.0,0.0,77.020271,2310.608118,1254.557244,-1056.050874,2002.91435,1050.607962,1734.014263,-472.84937,-28723.681487
D,centrale,15,3.5,22.980981,26.480981,26.480981,26.480981,22.980981,1.0,52.961963,34.425276,1.377011,5.370343,41.17263,37.055367,4.117263,2621.617147,131.080857,74.716089,2415.820201,382.905456,52.197059,5.296196,105.0,0.0,1.225,7.944294,14.56454,5.296196,0.496518,10.5,40.026549,29.526549,10.5,0.0,0.0,0.0,1975.421489,1089.625027,1870.421489,669.625027,450,80.026549,0.0,0.0,0.0,0.0,80.026549,2400.796462,1420.421489,-980.374973,2206.863633,1211.464921,3154.435752,738.615551,-29704.05646
D,centrale,16,3.666667,25.156932,28.823599,28.823599,28.823599,25.156932,1.0,57.647198,37.470679,1.498827,5.845426,44.814932,40.333438,4.481493,2853.53629,142.676814,81.325784,2629.533691,416.778863,56.814628,5.76472,110.0,0.0,1.283333,8.64708,15.852979,5.76472,0.540442,11.0,43.088555,32.088555,11.0,0.0,0.0,0.0,2150.17548,1187.518841,2040.17548,747.518841,450,83.088555,0.0,0.0,0.0,0.0,83.088555,2492.656639,1590.17548,-902.481159,2415.820201,1376.46199,4744.611232,2115.077541,-30606.53762
D,centrale,17,3.833333,27.382419,31.215752,31.215752,31.215752,27.382419,1.0,62.431505,40.580478,1.623219,6.330555,48.534252,43.680826,4.853425,3090.359475,154.517974,88.075245,2847.766257,451.36854,61.529838,6.24315,115.0,0.0,1.341667,9.364726,17.168664,6.24315,0.585295,11.5,46.203502,34.703502,11.5,0.0,0.0,0.0,2328.624728,1287.519671,2213.624728,827.519671,450,86.203502,0.0,0.0,0.0,0.0,86.203502,2586.105057,1763.624728,-822.480329,2629.533691,1545.392163,6508.235961,3660.469704,-31429.017949
D,centrale,18,4.0,29.654965,33.654965,33.654965,33.654965,29.654965,1.0,67.309929,43.751454,1.750058,6.825227,52.326739,47.094065,5.232674,3331.841502,166.592075,94.957483,3070.291944,486.638673,66.337806,6.730993,120.0,0.0,1.4,10.096489,18.510231,6.730993,0.631031,12.0,49.368743,37.368743,12.0,0.0,0.0,0.0,2510.584472,1389.522167,2390.584472,909.522167,450,89.368743,0.0,0.0,0.0,0.0,89.368743,2681.062305,1940.584472,-740.477833,2847.766257,1718.058785,8448.820433,5378.528489,-32169.495781
D,centrale,19,4.166667,31.972216,36.138883,36.138883,36.138883,31.972216,1.0,72.277766,46.980548,1.879222,7.328965,56.188735,50.569862,5.618874,3577.749427,178.887471,101.965859,3296.896097,522.55524,71.233895,7.227777,125.0,0.0,1.458333,10.841665,19.876386,7.227777,0.677604,12.5,52.581765,40.081765,12.5,0.0,0.0,0.0,2695.879186,1493.426247,2570.879186,993.426247,450,92.581765,0.0,0.0,0.0,0.0,92.581765,2777.452939,2120.879186,-656.573753,3070.291944,1894.275033,10569.699618,7272.803522,-32826.069535
D,centrale,20,4.333333,34.331939,38.665272,38.665272,38.665272,34.331939,1.0,77.330545,50.264854,2.010594,7.841317,60.116765,54.105089,6.011677,3827.861955,191.393098,109.094066,3527.374792,559.085918,76.213698,7.733054,130.0,0.0,1.516667,11.599582,21.2659,7.733054,0.724974,13.0,55.840176,42.840176,13.0,0.0,0.0,0.0,2884.342122,1599.136829,2754.342122,1079.136829,450,95.840176,0.0,0.0,0.0,0.0,95.840176,2875.205292,2304.342122,-570.863171,3296.896097,2073.863426,12874.04174,9346.666948,-33396.932706
D,centrale,21,4.5,36.732009,41.232009,41.232009,41.232009,36.732009,1.0,82.464017,53.601611,2.144064,8.361851,64.107527,57.696774,6.410753,4081.968858,204.098443,116.336112,3761.534302,596.200002,81.273031,8.246402,135.0,0.0,1.575,12.369603,22.677605,8.246402,0.7731,13.5,59.141709,45.641709,13.5,0.0,0.0,0.0,3075.814868,1706.56359,2940.814868,1166.56359,450,99.141709,0.0,0.0,0.0,0.0,99.141709,2974.251278,2490.814868,-483.43641,3527.374792,2256.655358,15364.856608,11603.322306,-33880.369115
D,centrale,22,4.666667,39.170408,43.837075,43.837075,43.837075,39.170408,1.0,87.67415,56.988197,2.279528,8.890159,68.157884,61.342096,6.815788,4339.870415,216.993521,123.686307,3999.190587,633.868322,86.407916,8.767415,140.0,0.0,1.633333,13.151122,24.110391,8.767415,0.821945,14.0,62.484207,48.484207,14.0,0.0,0.0,0.0,3270.146935,1815.620721,3130.146935,1255.620721,450,102.484207,0.0,0.0,0.0,0.0,102.484207,3074.526214,2680.146935,-394.379279,3761.534302,2442.49065,18045.003543,14045.812955,-34274.748395
D,centrale,23,4.833333,41.645221,46.478554,46.478554,46.478554,41.645221,1.0,92.957109,60.422121,2.416885,9.425851,72.264857,65.038371,7.226486,4601.376894,230.068845,131.139241,4240.168808,672.063166,91.614576,9.295711,145.0,0.0,1.691667,13.943566,25.563205,9.295711,0.871473,14.5,65.865622,51.365622,14.5,0.0,0.0,0.0,3467.195355,1926.226702,3322.195355,1346.226702,450,105.865622,0.0,0.0,0.0,0.0,105.865622,3175.968653,2872.195355,-303.773298,3999.190587,2631.217135,20917.198898,16677.03009,-34578.521692
D,centrale,24,5.0,44.154627,49.154627,49.154627,49.154627,44.154627,1.0,98.309254,63.901015,2.556041,9.968558,76.425614,68.783052,7.642561,4866.308049,243.315402,138.689779,4484.302867,710.758207,96.889422,9.830925,150.0,0.0,1.75,14.746388,27.035045,9.830925,0.921649,15.0,69.284007,54.284007,15.0,0.0,0.0,0.0,3666.824313,2038.304092,3516.824313,1438.304092,450,109.284007,0.0,0.0,0.0,0.0,109.284007,3278.52022,3066.824313,-211.695908,4240.168808,2822.690253,23984.023211,19499.720343,-34790.2176
D,favorevole,1,2.0,0,2.0,2.0,2.0,0.0,1.0,4.0,3.2,0.064,0.22848,3.49248,3.317856,0.174624,198.0,3.96,2.9106,191.1294,20.256384,4.050932,0.24,40.0,0.0,0.5,0.4,0.7,0.24,0.015,3.0,4.855,1.855,3.0,0.0,0.0,0.0,166.582084,110.932084,126.582084,-19.067916,450,44.855,60.0,0.0,0.0,1800.0,104.855,1345.65,-323.417916,-1669.067916,0.0,-514.547316,-3323.417916,-3514.547316,-6469.067916
D,favorevole,2,2.6,1.94,4.54,4.54,6.48,3.88,1.427313,12.96,10.368,0.20736,0.740275,11.315635,10.749853,0.565782,641.52,12.8304,9.430344,619.259256,65.630684,13.12502,0.7776,52.0,0.0,0.65,1.296,2.268,0.7776,0.0486,3.9,8.9402,5.0402,3.9,0.0,0.0,0.0,539.725952,388.519952,487.725952,219.519952,450,48.9402,60.0,0.0,0.0,1800.0,108.9402,1468.206,37.725952,-1430.480048,191.1294,-390.403904,-3285.691964,-3904.95122,-9699.547964
D,favorevole,3,3.2,4.4038,7.6038,7.6038,12.0076,8.8076,1.579158,24.0152,19.21216,0.384243,1.371748,20.968151,19.919744,1.048408,1188.7524,23.775048,17.47466,1147.502692,121.615278,24.320986,1.440912,64.0,0.0,0.8,2.40152,4.20266,1.440912,0.090057,4.8,13.735149,8.935149,4.8,0.0,0.0,0.0,1000.125516,732.071046,936.125516,524.071046,450,53.735149,60.0,0.0,0.0,1800.0,113.735149,1612.05447,486.125516,-1125.928954,619.259256,-42.11792,-2799.566448,-3947.06914,-12625.476918
D,favorevole,4,3.8,7.375686,11.175686,11.175686,18.551372,14.751372,1.659976,37.102744,29.682195,0.593644,2.119309,32.395148,30.77539,1.619757,1836.585828,36.731717,26.997812,1772.8563,187.891857,37.575173,2.226165,76.0,0.0,0.95,3.710274,6.49298,2.226165,0.139135,5.7,19.218555,13.518555,5.7,0.0,0.0,0.0,1545.163104,1139.606469,1469.163104,892.606469,450,59.218555,0.0,0.0,0.0,0.0,59.218555,1776.556636,1019.163104,-757.393531,1147.502692,393.809496,-1780.403344,-3553.259643,-13382.870449
D,favorevole,5,4.4,10.840415,15.240415,15.240415,26.080831,21.680831,1.711294,52.161662,41.729329,0.834587,2.979474,45.54339,43.266221,2.27717,2582.002253,51.640045,37.955433,2492.406775,264.151662,52.825836,3.1297,88.0,0.0,1.1,5.216166,9.128291,3.1297,0.195606,6.6,25.369763,18.769763,6.6,0.0,0.0,0.0,2172.299577,1609.20669,2084.299577,1323.20669,450,65.369763,0.0,0.0,0.0,0.0,65.369763,1961.092887,1634.299577,-326.79331,1772.8563,914.749102,-146.103767,-2638.510542,-13709.663759
D,favorevole,6,5.0,14.783203,19.783203,19.783203,34.566406,29.566406,1.74726,69.132812,55.306249,1.106125,3.948866,60.361241,57.343179,3.018062,3422.074186,68.441484,50.304491,3303.328211,350.095196,70.01308,4.147969,100.0,0.0,1.25,6.913281,12.098242,4.147969,0.259248,7.5,32.16874,24.66874,7.5,0.0,0.0,0.0,2879.071967,2139.009767,2779.071967,1814.009767,450,72.16874,0.0,0.0,0.0,0.0,72.16874,2165.0622,2329.071967,164.009767,2492.406775,1518.15053,2182.9682,-1120.360011,-13545.653993
D,favorevole,7,5.666667,19.189707,24.856374,24.856374,44.04608,38.379414,1.772024,88.092161,70.473729,1.409475,5.031824,76.915027,73.069276,3.845751,4360.56196,87.211239,64.100261,4209.25046,446.107159,89.213838,5.28553,113.333333,0.0,1.416667,8.809216,15.416128,5.28553,0.330346,8.5,39.757886,31.257886,8.5,0.0,0.0,0.0,3668.643933,2730.907349,3555.3106,2362.574015,450,79.757886,0.0,0.0,0.0,0.0,79.757886,2392.736584,3105.3106,712.574015,3303.328211,2199.388351,5288.2788,1079.02834,-12833.079977
D,favorevole,8,6.333333,24.110682,30.444016,30.444016,54.554698,48.221365,1.791968,109.109396,87.287517,1.74575,6.232329,95.265596,90.502316,4.76328,5400.915101,108.018302,79.393452,5213.503347,552.540456,110.498686,6.546564,126.666667,0.0,1.583333,10.91094,19.094144,6.546564,0.40916,9.5,48.044141,38.544141,9.5,0.0,0.0,0.0,4543.917642,3387.593405,4417.250975,2975.926738,450,88.044141,0.0,0.0,0.0,0.0,88.044141,2641.324237,3967.250975,1325.926738,4209.25046,2962.998088,9255.529775,4042.026428,-11507.153239
D,favorevole,9,7.0,29.530695,36.530695,36.530695,66.06139,59.06139,1.80838,132.122781,105.698225,2.113964,7.546853,115.359042,109.59109,5.767952,6540.077648,130.801553,96.139141,6313.136954,669.082446,133.8051,7.927367,140.0,0.0,1.75,13.212278,23.121487,7.927367,0.49546,10.5,57.006592,46.506592,10.5,0.0,0.0,0.0,5502.322041,4107.124282,5362.322041,3652.124282,450,97.006592,0.0,0.0,0.0,0.0,97.006592,2910.19776,4912.322041,2002.124282,5213.503347,3812.688435,14167.851816,7854.714862,-9505.028957
D,favorevole,10,7.666667,35.434774,43.101441,43.101441,78.536215,70.869549,1.822125,157.072431,125.657945,2.513159,8.971977,137.143081,130.285927,6.857154,7775.085319,155.501706,114.293754,7505.289858,795.429868,159.072434,9.424346,153.333333,0.0,1.916667,15.707243,27.487675,9.424346,0.589022,11.5,66.624953,55.124953,11.5,0.0,0.0,0.0,6541.36321,4887.614634,6388.029877,4389.2813,450,106.624953,0.0,0.0,0.0,0.0,106.624953,3198.748577,5938.029877,2739.2813,6313.136954,4745.876973,20105.881693,12600.591835,-6765.747657
D,favorevole,11,8.333333,41.808398,50.141731,50.141731,91.950129,83.616796,1.833804,183.900258,147.120206,2.942404,10.504383,160.566993,152.538643,8.02835,9103.062759,182.061255,133.815023,8787.186481,931.28856,186.24186,11.034015,166.666667,0.0,2.083333,18.390026,32.182545,11.034015,0.689626,12.5,76.879546,64.379546,12.5,0.0,0.0,0.0,7658.622046,5727.235677,7491.95538,5185.56901,450,116.879546,0.0,0.0,0.0,0.0,116.879546,3506.386369,7041.95538,3535.56901,7505.289858,5760.058757,27147.837073,18360.650592,-3230.178647
D,favorevole,12,9.0,48.637479,57.637479,57.637479,106.274958,97.274958,1.843852,212.549917,170.039933,3.400799,12.140851,185.581583,176.302504,9.279079,10521.220876,210.424418,154.661947,10156.134512,1076.373183,215.256315,12.752995,180.0,0.0,2.25,21.254992,37.196235,12.752995,0.797062,13.5,87.751284,74.251284,13.5,0.0,0.0,0.0,8851.752019,6624.213491,8671.752019,6039.213491,450,127.751284,0.0,0.0,0.0,0.0,127.751284,3832.538528,8221.752019,4389.213491,8787.186481,6852.803989,35369.589092,25213.45458,1159.034844
D,favorevole,13,9.5,55.908355,65.408355,65.408355,121.31671,111.81671,1.854759,242.633419,194.106735,3.882135,13.859221,211.848091,201.255686,10.592405,12010.35425,240.207085,176.552207,11593.594958,1228.718928,245.722871,14.558005,190.0,0.0,2.375,24.263342,42.460848,14.558005,0.909875,14.25,98.817071,84.567071,14.25,0.0,0.0,0.0,10104.595154,7567.583032,9914.595154,6950.083032,450,138.817071,0.0,0.0,0.0,0.0,138.817071,4164.512123,9464.595154,5300.083032,10156.134512,8027.134709,44834.184247,33240.589289,6459.117876
D,favorevole,14,10.0,63.446104,73.446104,73.446104,136.892208,126.892208,1.863846,273.784417,219.027533,4.380551,15.638566,239.04665,227.094317,11.952332,13552.328623,271.046572,199.219231,13082.062819,1386.470569,277.270514,16.427065,200.0,0.0,2.5,27.378442,47.912273,16.427065,1.026692,15.0,110.244471,95.244471,15.0,0.0,0.0,0.0,11401.894672,8544.560538,11201.894672,7894.560538,450,150.244471,0.0,0.0,0.0,0.0,150.244471,4507.334134,10751.894672,6244.560538,11593.594958,9263.42681,55586.078918,42504.016099,12703.678414
D,favorevole,15,10.5,71.242721,81.742721,81.742721,152.985442,142.485442,1.871548,305.970884,244.776707,4.895534,17.477057,267.149298,253.791833,13.357465,15145.558764,302.911175,222.639714,14620.007875,1549.46593,309.866811,18.358253,210.0,0.0,2.625,30.597088,53.544905,18.358253,1.147391,15.75,122.022637,104.511071,15.488929,1.761566,0.261071,70.792295,12680.662059,9545.329939,12461.524585,8861.524585,450,160.0,0.0,0.0,0.0,0.0,160.0,4800.0,12011.524585,7211.524585,13082.062819,10473.57953,67597.603503,52977.595629,19915.202999
D,favorevole,16,11.0,79.290439,90.290439,90.290439,169.580879,158.580879,1.878171,339.161758,271.329406,5.426588,19.37292,296.128914,281.322468,14.806446,16788.507001,335.77014,246.791053,16205.945808,1717.5477,343.480304,20.349705,220.0,0.0,2.75,33.916176,59.353308,20.349705,1.271857,16.5,134.141045,105.239417,14.760583,12.401628,1.739417,494.936588,13690.511114,10533.328596,13409.63151,9809.63151,450,160.0,0.0,0.0,0.0,0.0,160.0,4800.0,12959.63151,8159.63151,14620.007875,11373.693577,80557.235013,64351.289205,28074.834509
D,favorevole,17,11.5,87.581726,99.081726,99.081726,186.663452,175.163452,1.883934,373.326905,298.661524,5.97323,21.324433,325.959187,309.661228,16.297959,18479.681791,369.593636,271.651322,17838.436833,1890.563286,378.080476,22.399614,230.0,0.0,2.875,37.33269,65.332208,22.399614,1.399976,17.25,146.589489,105.878933,14.121067,23.460556,3.128933,930.632116,14726.273995,11549.906006,14386.761341,10786.761341,450,160.0,0.0,0.0,0.0,0.0,160.0,4800.0,13936.761341,9136.761341,16205.945808,12304.270316,94493.996354,76655.559521,37211.595849
D,favorevole,18,12.0,96.109274,108.109274,108.109274,204.218549,192.218549,1.889001,408.437098,326.749678,6.534994,23.329927,356.614599,338.783869,17.83073,20217.636337,404.352727,297.199254,19516.084356,2068.364673,413.637727,24.506226,240.0,0.0,3.0,40.84371,71.476492,24.506226,1.531639,18.0,159.358067,106.445619,13.554381,34.912448,4.445619,1377.53234,15787.640045,12594.271484,15392.04339,11792.04339,450,160.0,0.0,0.0,0.0,0.0,160.0,4800.0,14942.04339,10142.04339,17838.436833,13264.395867,109436.039744,89919.955388,47353.63924
D,favorevole,19,12.5,104.865996,117.365996,117.365996,222.231992,209.731992,1.893496,444.463985,355.571188,7.111424,25.387783,388.070394,368.666875,19.40352,22000.967247,440.019345,323.414219,21237.533684,2250.808288,450.123345,26.667839,250.0,0.0,3.125,44.446398,77.781197,26.667839,1.66674,18.75,172.437175,106.95177,13.04823,46.735405,5.70177,1835.30112,16874.195026,13665.64194,16424.633093,12824.633093,450,160.0,0.0,0.0,0.0,0.0,160.0,4800.0,15974.633093,11174.633093,19516.084356,14253.183765,125410.672837,104173.139153,58528.272333
D,favorevole,20,13.0,113.845016,126.845016,126.845016,240.690033,227.690033,1.897513,481.380065,385.104052,7.702081,27.496429,420.302563,399.287434,21.015128,23828.31323,476.566265,350.276204,23001.470761,2437.754863,487.509478,28.882804,260.0,0.0,3.25,48.138007,84.241511,28.882804,1.805175,19.5,185.817497,107.406999,12.593001,58.910498,6.906999,2303.612399,17985.456169,14763.246211,17483.711218,13883.711218,450,160.0,0.0,0.0,0.0,0.0,160.0,4800.0,17033.711218,12233.711218,21237.533684,15269.774141,142444.384055,119442.913294,70761.98355
D,favorevole,21,13.5,123.039666,136.539666,136.539666,259.579332,246.079332,1.901128,519.158663,415.326931,8.306539,29.654343,453.287812,430.623421,22.664391,25698.353833,513.967077,377.765801,24806.620955,2629.06931,525.769111,31.14952,270.0,0.0,3.375,51.915866,90.852766,31.14952,1.946845,20.25,199.489997,107.818938,12.181062,71.421059,8.068938,2782.149902,19120.895947,15886.327803,18568.483113,14968.483113,450,160.0,0.0,0.0,0.0,0.0,160.0,4800.0,18118.483113,13318.483113,23001.470761,16313.332919,160562.867167,135756.246213,84080.466663
D,favorevole,22,14.0,132.443476,146.443476,146.443476,278.886952,264.886952,1.9044,557.773903,446.219123,8.924382,31.860045,487.003551,462.653373,24.350178,27609.808218,552.196164,405.864181,26651.747873,2824.620593,564.876039,33.466434,280.0,0.0,3.5,55.77739,97.610433,33.466434,2.091652,21.0,213.44591,108.19373,11.80627,84.25218,9.19373,3270.606842,20279.958522,17034.146616,19678.177965,16078.177965,450,160.0,0.0,0.0,0.0,0.0,160.0,4800.0,19228.177965,14428.177965,24806.620955,17383.051047,179791.045132,153139.29726,98508.644628
D,favorevole,23,14.5,142.050172,156.550172,156.550172,298.600343,284.100343,1.907378,597.200686,477.760549,9.555211,34.112103,521.427863,495.35647,26.071393,29561.433971,591.228679,434.553079,28535.652212,3024.281607,604.804843,35.832041,290.0,0.0,3.625,59.720069,104.51012,35.832041,2.239503,21.75,227.676732,108.536378,11.463622,97.390354,10.286378,3768.685637,21462.071315,18205.979975,20812.048085,17212.048085,450,160.0,0.0,0.0,0.0,0.0,160.0,4800.0,20362.048085,15562.048085,26651.747873,18478.143745,200153.093218,171617.441005,114070.692713
D,favorevole,24,15.0,151.853666,166.853666,166.853666,318.707333,303.707333,1.910101,637.414666,509.931733,10.198635,36.409126,556.539493,528.712518,27.826975,31552.025952,631.040519,463.814781,30457.170652,3227.929059,645.530867,38.24488,300.0,0.0,3.75,63.741467,111.547566,38.24488,2.390305,22.5,242.174218,108.851001,11.148999,110.823217,11.351001,4276.09763,22666.653267,19401.123223,21969.368216,18369.368216,450,160.0,0.0,0.0,0.0,0.0,160.0,4800.0,21519.368216,16719.368216,28535.652212,19597.849777,221672.461433,191215.290782,130790.060929
E,prudente,1,0.0,0,0.0,0.0,0.0,0.0,0,0.0,0.0,0.0,0.0,0.0,0.0,0.0,0.0,0.0,0.0,0.0,0.0,0.0,0.0,0.0,0.0,0.0,0.0,0.0,0.0,0.0,0.0,0.0,0.0,0.0,0.0,0.0,0.0,0.0,0.0,0.0,0.0,650,40.0,100.0,0.0,0.0,3000.0,140.0,1200.0,-650.0,-1850.0,0.0,-650.0,-5650.0,-5650.0,-9850.0
E,prudente,2,0.5,0.0,0.5,0.5,0.25,0.0,0.5,0.25,0.25,0.02,0.0675,0.3375,0.27675,0.06075,49.25,4.925,2.21625,42.10875,4.39425,0.998648,0.08,37.5,0.0,0.5,0.05,0.075,0.175,0.01,2.5,3.31,0.81,2.5,0.0,0.0,0.0,36.635852,12.335852,-0.864148,-100.164147,650,43.31,100.0,0.0,0.0,3000.0,143.31,1299.3,-650.864147,-1950.164148,0.0,-692.972897,-6300.864148,-6342.972897,-14800.164147
E,prudente,3,1.0,0.46,1.46,1.46,0.73,0.23,0.5,0.73,0.73,0.0584,0.1971,0.9855,0.80811,0.17739,143.81,14.381,6.47145,122.95755,12.83121,2.916051,0.2336,75.0,0.0,1.0,0.146,0.219,0.511,0.0292,5.0,6.9052,1.9052,5.0,0.0,0.0,0.0,106.976689,49.820689,31.976689,-175.179311,650,46.9052,100.0,0.0,0.0,3000.0,146.9052,1407.156,-618.023311,-2025.179311,42.10875,-698.872111,-6918.887458,-7041.845008,-19825.343458
E,prudente,4,1.0,1.3432,2.3432,2.3432,1.1716,0.6716,0.5,1.1716,1.1716,0.093728,0.316332,1.58166,1.296961,0.284699,230.8052,23.08052,10.386234,197.338446,20.593213,4.680062,0.374912,75.0,0.0,1.0,0.23432,0.35148,0.82012,0.046864,5.0,7.452784,2.452784,5.0,0.0,0.0,0.0,171.690259,98.106739,96.690259,-126.893261,650,47.452784,0.0,0.0,0.0,0.0,47.452784,1423.58352,-553.309741,-1976.893261,122.95755,-627.690637,-7472.197199,-7669.535645,-21802.236719
E,prudente,5,1.0,2.155744,3.155744,3.155744,1.577872,1.077872,0.5,1.577872,1.577872,0.12623,0.426025,2.130127,1.746704,0.383423,310.840784,31.084078,13.987835,265.76887,27.734256,6.302952,0.504919,75.0,0.0,1.0,0.315574,0.473362,1.10451,0.063115,5.0,7.956561,2.956561,5.0,0.0,0.0,0.0,231.226743,142.529905,156.226743,-82.470095,650,47.956561,0.0,0.0,0.0,0.0,47.956561,1438.696838,-493.773257,-1932.470095,197.338446,-562.203681,-7965.970456,-8231.739326,-23734.706814
E,prudente,6,1.0,2.903284,3.903284,3.903284,1.951642,1.451642,0.5,1.951642,1.951642,0.156131,0.526943,2.634717,2.160468,0.474249,384.473521,38.447352,17.301308,328.724861,34.304016,7.796011,0.624526,75.0,0.0,1.0,0.390328,0.585493,1.36615,0.078066,5.0,8.420036,3.420036,5.0,0.0,0.0,0.0,286.000309,183.399218,211.000309,-41.600782,650,48.420036,0.0,0.0,0.0,0.0,48.420036,1452.601091,-438.999691,-1891.600782,265.76887,-501.955681,-8404.970147,-8733.695007,-25626.307596
E,prudente,7,1.166667,3.591022,4.757688,4.757688,2.378844,1.795511,0.5,2.378844,2.378844,0.190308,0.642288,3.21144,2.633381,0.578059,468.632306,46.863231,21.088454,400.680622,41.812944,9.502507,0.76123,87.5,0.0,1.166667,0.475769,0.713653,1.665191,0.095154,5.833333,9.949767,4.116433,5.833333,0.0,0.0,0.0,348.60394,225.110936,261.10394,-37.389064,650,49.949767,0.0,0.0,0.0,0.0,49.949767,1498.493004,-388.89606,-1887.389064,328.724861,-460.851821,-8793.866207,-9194.546828,-27513.69666
E,prudente,8,1.333333,4.377073,5.710407,5.710407,2.855203,2.188537,0.5,2.855203,2.855203,0.228416,0.770905,3.854524,3.16071,0.693814,562.475055,56.247506,25.311377,480.916172,50.185909,11.405367,0.913665,100.0,0.0,1.333333,0.571041,0.856561,1.998642,0.114208,6.666667,11.540452,4.873785,6.666667,0.0,0.0,0.0,418.411232,272.197668,318.411232,-27.802332,650,51.540452,0.0,0.0,0.0,0.0,51.540452,1546.213564,-331.588768,-1877.802332,400.680622,-411.824319,-9125.454975,-9606.371147,-29391.498993
E,prudente,9,1.5,5.253574,6.753574,6.753574,3.376787,2.626787,0.5,3.376787,3.376787,0.270143,0.911733,4.558663,3.738103,0.820559,665.227051,66.522705,29.935217,568.769128,59.353786,13.48888,1.080572,112.5,0.0,1.5,0.675357,1.013036,2.363751,0.135071,7.5,13.187216,5.687216,7.5,0.0,0.0,0.0,494.845891,324.229412,382.345891,-13.270588,650,53.187216,0.0,0.0,0.0,0.0,53.187216,1595.616479,-267.654109,-1863.270588,480.916172,-355.507066,-9393.109085,-9961.878213,-31254.769581
E,prudente,10,1.666667,6.213288,7.879955,7.879955,3.939977,3.106644,0.5,3.939977,3.939977,0.315198,1.063794,5.31897,4.361555,0.957415,776.175553,77.617555,34.9279,663.630098,69.252983,15.738594,1.260793,125.0,0.0,1.666667,0.787995,1.181993,2.757984,0.157599,8.333333,14.885572,6.552239,8.333333,0.0,0.0,0.0,577.377728,380.810567,452.377728,5.810567,650,54.885572,0.0,0.0,0.0,0.0,54.885572,1646.56716,-197.622272,-1844.189433,568.769128,-292.483242,-9590.731357,-10254.361455,-33098.959013
E,prudente,11,1.833333,7.249558,9.082892,9.082892,4.541446,3.624779,0.5,4.541446,4.541446,0.363316,1.22619,6.130952,5.027381,1.103571,894.664842,89.466484,40.259918,764.93844,79.824995,18.141214,1.453263,137.5,0.0,1.833333,0.908289,1.362434,3.179012,0.181658,9.166667,16.631393,7.464726,9.166667,0.0,0.0,0.0,665.518969,441.577181,528.018969,29.077181,650,56.631393,0.0,0.0,0.0,0.0,56.631393,1698.941787,-121.981031,-1820.922819,663.630098,-223.289374,-9712.712388,-10477.650829,-34919.881832
E,prudente,12,2.0,8.35626,10.35626,10.35626,5.17813,4.17813,0.5,5.17813,5.17813,0.41425,1.398095,6.990476,5.73219,1.258286,1020.091655,102.009165,45.904124,872.178365,91.015995,20.684507,1.657002,150.0,0.0,2.0,1.035626,1.553439,3.624691,0.207125,10.0,18.420881,8.420881,10.0,0.0,0.0,0.0,758.820861,506.194417,608.820861,56.194417,650,58.420881,0.0,0.0,0.0,0.0,58.420881,1752.626444,-41.179139,-1793.805583,764.93844,-148.419064,-9753.891527,-10626.069892,-36713.687416
E,prudente,13,2.0,9.52776,11.52776,11.52776,5.76388,4.76388,0.5,5.76388,5.76388,0.46111,1.556248,7.781238,6.380615,1.400623,1135.484323,113.548432,51.096795,970.839096,101.311715,23.024337,1.844442,150.0,0.0,2.0,1.152776,1.729164,4.034716,0.230555,10.0,19.147211,9.147211,10.0,0.0,0.0,0.0,844.658602,570.242273,694.658602,120.242273,650,59.147211,0.0,0.0,0.0,0.0,59.147211,1774.416329,44.658602,-1729.757727,872.178365,-54.002129,-9709.232925,-10680.072021,-38443.445142
E,prudente,14,2.0,10.605539,12.605539,12.605539,6.302769,5.302769,0.5,6.302769,6.302769,0.504222,1.701748,8.508739,6.977166,1.531573,1241.645577,124.164558,55.874051,1061.606968,110.783778,25.17698,2.016886,150.0,0.0,2.0,1.260554,1.890831,4.411939,0.252111,10.0,19.815434,9.815434,10.0,0.0,0.0,0.0,923.629324,629.166301,773.629324,179.166301,650,59.815434,0.0,0.0,0.0,0.0,59.815434,1794.463023,123.629324,-1670.833699,970.839096,32.861452,-9585.603601,-10647.210569,-40114.278841
E,prudente,15,2.0,11.597096,13.597096,13.597096,6.798548,5.798548,0.5,6.798548,6.798548,0.543884,1.835608,9.17804,7.525992,1.652047,1339.313931,133.931393,60.269127,1145.113411,119.498076,27.157411,2.175535,150.0,0.0,2.0,1.35971,2.039564,4.758984,0.271942,10.0,20.430199,10.430199,10.0,0.0,0.0,0.0,996.282388,683.376407,846.282388,233.376407,650,60.430199,0.0,0.0,0.0,0.0,60.430199,1812.905981,196.282388,-1616.623593,1061.606968,112.775946,-9389.321213,-10534.434624,-41730.902434
E,prudente,16,2.0,12.509328,14.509328,14.509328,7.254664,6.254664,0.5,7.254664,7.254664,0.580373,1.958759,9.793796,8.030913,1.762883,1429.168816,142.916882,64.312597,1221.939338,127.51523,28.979408,2.321492,150.0,0.0,2.0,1.450933,2.176399,5.078265,0.290187,10.0,20.995783,10.995783,10.0,0.0,0.0,0.0,1063.123207,733.249705,913.123207,283.249705,650,60.995783,0.0,0.0,0.0,0.0,60.995783,1829.873502,263.123207,-1566.750295,1145.113411,186.29728,-9126.198006,-10348.137344,-43297.652729
E,prudente,17,2.0,13.348582,15.348582,15.348582,7.674291,6.674291,0.5,7.674291,7.674291,0.613943,2.072059,10.360293,8.49544,1.864853,1511.835311,151.183531,68.032589,1292.619191,134.891011,30.655646,2.455773,150.0,0.0,2.0,1.534858,2.302287,5.372004,0.306972,10.0,21.516121,11.516121,10.0,0.0,0.0,0.0,1124.61676,779.133138,974.61676,329.133138,650,61.516121,0.0,0.0,0.0,0.0,61.516121,1845.483622,324.61676,-1520.866862,1221.939338,253.936908,-8801.581246,-10094.200436,-44818.519591
E,prudente,18,2.0,14.120695,16.120695,16.120695,8.060348,7.060348,0.5,8.060348,8.060348,0.644828,2.176294,10.881469,8.922805,1.958664,1587.888486,158.788849,71.454982,1357.644656,141.676731,32.197784,2.579311,150.0,0.0,2.0,1.61207,2.418104,5.642243,0.322414,10.0,21.994831,11.994831,10.0,0.0,0.0,0.0,1181.19083,821.345897,1031.19083,371.345897,650,61.994831,0.0,0.0,0.0,0.0,61.994831,1859.844932,381.19083,-1478.654103,1292.619191,316.165365,-8420.390416,-9778.035071,-46297.173693
E,prudente,19,2.166667,14.83104,16.997706,16.997706,8.498853,7.41552,0.5,8.498853,8.498853,0.679908,2.29469,11.473452,9.40823,2.065221,1674.274074,167.427407,75.342333,1431.504333,149.384342,33.949434,2.719633,162.5,0.0,2.166667,1.699771,2.549656,5.949197,0.339954,10.833333,23.538578,12.705245,10.833333,0.0,0.0,0.0,1245.450924,864.293586,1082.950924,376.793586,650,63.538578,0.0,0.0,0.0,0.0,63.538578,1906.157338,432.950924,-1473.206414,1357.644656,359.091247,-7987.439492,-9418.943825,-47770.380107
E,prudente,20,2.333333,15.63789,17.971223,17.971223,8.985612,7.818945,0.5,8.985612,8.985612,0.718849,2.426115,12.130576,9.947072,2.183504,1770.165481,177.016548,79.657447,1513.491486,157.940095,35.893834,2.875396,175.0,0.0,2.333333,1.797122,2.695683,6.289928,0.359424,11.666667,25.142158,13.475492,11.666667,0.0,0.0,0.0,1316.782162,912.517411,1141.782162,387.517411,650,65.142158,0.0,0.0,0.0,0.0,65.142158,1954.264751,491.782162,-1462.482589,1431.504333,409.795008,-7495.65733,-9009.148816,-49232.862696
E,prudente,21,2.5,16.533525,19.033525,19.033525,9.516763,8.266763,0.5,9.516763,9.516763,0.761341,2.569526,12.84763,10.535056,2.312573,1874.802243,187.480224,84.366101,1602.955918,167.276137,38.015565,3.045364,187.5,0.0,2.5,1.903353,2.855029,6.661734,0.380671,12.5,26.800786,14.300786,12.5,0.0,0.0,0.0,1394.618851,965.595281,1207.118851,403.095281,650,66.800786,0.0,0.0,0.0,0.0,66.800786,2004.023571,557.118851,-1446.904719,1513.491486,467.65442,-6938.538479,-8541.494396,-50679.767415
E,prudente,22,2.666667,17.510843,20.17751,20.17751,10.088755,8.755422,0.5,10.088755,10.088755,0.8071,2.723964,13.619819,11.168252,2.451567,1987.48473,198.748473,89.436813,1699.299444,177.330046,40.30044,3.228402,200.0,0.0,2.666667,2.017751,3.026626,7.062128,0.40355,13.333333,28.510056,15.176723,13.333333,0.0,0.0,0.0,1478.440557,1023.138872,1278.440557,423.138872,650,68.510056,0.0,0.0,0.0,0.0,68.510056,2055.301685,628.440557,-1426.861128,1602.955918,532.09703,-6310.097922,-8009.397366,-52106.628544
E,prudente,23,2.833333,18.563309,21.396642,21.396642,10.698321,9.281655,0.5,10.698321,10.698321,0.855866,2.888547,14.442734,11.843042,2.599692,2107.569285,210.756928,94.840618,1801.971739,188.044392,42.735407,3.423463,212.5,0.0,2.833333,2.139664,3.209496,7.488825,0.427933,14.166667,30.265918,16.099252,14.166667,0.0,0.0,0.0,1567.768476,1084.790926,1355.268476,447.290926,650,70.265918,0.0,0.0,0.0,0.0,70.265918,2107.97755,705.268476,-1402.709074,1699.299444,602.596182,-5604.829446,-7406.801184,-53509.337618
E,prudente,24,3.0,19.684911,22.684911,22.684911,11.342456,9.842456,0.5,11.342456,11.342456,0.907396,3.062463,15.312315,12.556098,2.756217,2234.463742,223.446374,100.550868,1910.4665,199.366341,45.308459,3.629586,225.0,0.0,3.0,2.268491,3.402737,7.939719,0.453698,15.0,32.064645,17.064645,15.0,0.0,0.0,0.0,1662.162113,1150.222767,1437.162113,475.222767,650,72.064645,0.0,0.0,0.0,0.0,72.064645,2161.939346,787.162113,-1374.777233,1801.971739,678.667352,-4817.667333,-6728.133832,-54884.114851
E,centrale,1,1.0,0,1.0,1.0,1.0,0.0,1.0,1.0,1.0,0.04,0.156,1.196,1.0764,0.1196,118.0,5.9,3.363,108.737,11.1228,2.55143,0.2,50.0,0.0,0.7,0.15,0.22,0.3,0.01875,4.0,5.38875,1.38875,4.0,0.0,0.0,0.0,94.86277,53.20027,44.86277,-116.79973,650,45.38875,100.0,0.0,0.0,3000.0,145.38875,1361.6625,-605.13723,-1966.79973,0.0,-713.87423,-5605.13723,-5713.87423,-9966.79973
E,centrale,2,1.2,0.95,2.15,2.15,2.15,0.95,1.0,2.15,2.15,0.086,0.3354,2.5714,2.31426,0.25714,253.7,12.685,7.23045,233.78455,23.91402,5.485575,0.43,60.0,0.0,0.84,0.3225,0.473,0.645,0.040313,4.8,7.120812,2.320813,4.8,0.0,0.0,0.0,203.954956,134.33058,143.954956,-69.66942,650,47.120812,100.0,0.0,0.0,3000.0,147.120812,1413.624375,-506.045045,-1919.66942,108.737,-631.092595,-6111.182274,-6344.966825,-14886.46915
E,centrale,3,1.4,2.0425,3.4425,3.4425,3.4425,2.0425,1.0,3.4425,3.4425,0.1377,0.53703,4.11723,3.705507,0.411723,406.215,20.31075,11.577127,374.327122,38.290239,8.783298,0.6885,70.0,0.0,0.98,0.516375,0.75735,1.03275,0.064547,5.6,8.951022,3.351022,5.6,0.0,0.0,0.0,326.565086,226.034429,256.565086,-11.965571,650,48.951022,100.0,0.0,0.0,3000.0,148.951022,1468.530656,-393.434914,-1861.965571,233.78455,-533.977487,-6504.617189,-6878.944311,-19748.43472
E,centrale,4,1.6,3.270375,4.870375,4.870375,4.870375,3.270375,1.0,4.870375,4.870375,0.194815,0.759778,5.824968,5.242472,0.582497,574.70425,28.735212,16.379071,529.589966,54.172207,12.426421,0.974075,80.0,0.0,1.12,0.730556,1.071482,1.461112,0.09132,6.4,10.874471,4.474471,6.4,0.0,0.0,0.0,462.017263,327.78314,382.017263,55.78314,650,50.874471,0.0,0.0,0.0,0.0,50.874471,1526.234123,-267.982737,-1794.21686,374.327122,-423.24558,-6772.599925,-7302.189892,-21542.65158
E,centrale,5,1.8,4.626856,6.426856,6.426856,6.426856,4.626856,1.0,6.426856,6.426856,0.257074,1.00259,7.68652,6.917868,0.768652,758.369037,37.918452,21.613518,698.837068,71.484637,16.397674,1.285371,90.0,0.0,1.26,0.964028,1.413908,1.928057,0.120504,7.2,12.886497,5.686497,7.2,0.0,0.0,0.0,609.669386,439.074469,519.669386,133.074469,650,52.886497,0.0,0.0,0.0,0.0,52.886497,1586.594917,-130.330614,-1716.925531,529.589966,-299.577715,-6902.930539,-7601.767607,-23259.577111
E,centrale,6,2.0,6.105513,8.105513,8.105513,8.105513,6.105513,1.0,8.105513,8.105513,0.324221,1.26446,9.694194,8.724775,0.969419,956.450586,47.822529,27.258842,881.369215,90.156005,20.68065,1.621103,100.0,0.0,1.4,1.215827,1.783213,2.431654,0.151978,8.0,14.982672,6.982672,8.0,0.0,0.0,0.0,768.911457,559.431286,668.911457,219.431286,650,54.982672,0.0,0.0,0.0,0.0,54.982672,1649.480171,18.911457,-1630.568714,698.837068,-163.62069,-6884.019082,-7765.388297,-24890.145825
E,centrale,7,2.166667,7.700238,9.866904,9.866904,9.866904,7.700238,1.0,9.866904,9.866904,0.394676,1.539237,11.800818,10.620736,1.180082,1164.294723,58.214736,33.1824,1072.897587,109.747605,25.174716,1.973381,108.333333,0.0,1.516667,1.480036,2.170719,2.960071,0.185004,8.666667,16.979164,8.312497,8.666667,0.0,0.0,0.0,936.001886,686.626973,827.668552,318.29364,650,56.979164,0.0,0.0,0.0,0.0,56.979164,1709.374913,177.668552,-1531.70636,881.369215,-13.85982,-6706.35053,-7779.248117,-26421.852186
E,centrale,8,2.333333,9.373559,11.706893,11.706893,11.706893,9.373559,1.0,11.706893,11.706893,0.468276,1.826275,14.001443,12.601299,1.400144,1381.41332,69.070666,39.37028,1272.972375,130.213424,29.869317,2.341379,116.666667,0.0,1.633333,1.756034,2.575516,3.512068,0.219504,9.333333,19.029789,9.696456,9.333333,0.0,0.0,0.0,1110.548255,819.654588,993.881588,422.987921,650,59.029789,0.0,0.0,0.0,0.0,59.029789,1770.893667,343.881588,-1427.012079,1072.897587,143.806801,-6362.468942,-7635.441316,-27848.864265
E,centrale,9,2.5,11.121548,13.621548,13.621548,13.621548,11.121548,1.0,13.621548,13.621548,0.544862,2.124961,16.291371,14.662234,1.629137,1607.342654,80.367133,45.809266,1481.166256,151.509753,34.754426,2.72431,125.0,0.0,1.75,2.043232,2.996741,4.086464,0.255404,10.0,21.131841,11.131841,10.0,0.0,0.0,0.0,1292.177767,958.222533,1167.177767,533.222533,650,61.131841,0.0,0.0,0.0,0.0,61.131841,1833.955234,517.177767,-1316.777467,1272.972375,308.983886,-5845.291174,-7326.45743,-29165.641732
E,centrale,10,2.666667,12.940471,15.607137,15.607137,15.607137,12.940471,1.0,15.607137,15.607137,0.624285,2.434713,18.666136,16.799522,1.866614,1841.642188,92.082109,52.486802,1697.073276,173.595066,39.820518,3.121427,133.333333,0.0,1.866667,2.341071,3.43357,4.682141,0.292634,10.666667,23.282749,12.616082,10.666667,0.0,0.0,0.0,1480.536265,1102.053793,1347.202932,648.72046,650,63.282749,0.0,0.0,0.0,0.0,63.282749,1898.482472,697.202932,-1201.27954,1481.166256,481.295912,-5148.088242,-6845.161519,-30366.921272
E,centrale,11,2.833333,14.82678,17.660114,17.660114,17.660114,14.82678,1.0,17.660114,17.660114,0.706405,2.754978,21.121496,19.009346,2.11215,2083.893412,104.194671,59.390962,1920.307779,196.429912,45.058544,3.532023,141.666667,0.0,1.983333,2.649017,3.885225,5.298034,0.331127,11.333333,25.48007,14.146737,11.333333,0.0,0.0,0.0,1675.2873,1250.885202,1533.620634,769.218535,650,65.48007,0.0,0.0,0.0,0.0,65.48007,1964.402099,883.620634,-1080.781465,1697.073276,660.386131,-4264.467609,-6184.775388,-31447.702736
E,centrale,12,3.0,16.777108,19.777108,19.777108,19.777108,16.777108,1.0,19.777108,19.777108,0.791084,3.085229,23.653421,21.288079,2.365342,2333.698741,116.684937,66.510414,2150.50339,219.976817,50.459907,3.955422,150.0,0.0,2.1,2.966566,4.350964,5.933132,0.370821,12.0,27.721483,15.721483,12.0,0.0,0.0,0.0,1876.111245,1404.466752,1726.111245,894.466752,650,67.721483,0.0,0.0,0.0,0.0,67.721483,2031.644494,1076.111245,-955.533248,1920.307779,845.915634,-3188.356363,-5338.859753,-32403.235985
E,centrale,13,3.166667,18.788253,21.954919,21.954919,21.954919,18.788253,1.0,21.954919,21.954919,0.878197,3.424967,26.258083,23.632275,2.625808,2590.680471,129.534024,73.834393,2387.312054,244.200176,56.01644,4.390984,158.333333,0.0,2.216667,3.293238,4.830082,6.586476,0.411655,12.666667,30.004784,17.338117,12.666667,0.0,0.0,0.0,2082.704455,1562.560936,1924.371121,1024.227603,650,70.004784,0.0,0.0,0.0,0.0,70.004784,2100.143519,1274.371121,-825.772397,2150.50339,1037.562458,-1913.985242,-4301.297296,-33229.008382
E,centrale,14,3.333333,20.857173,24.190507,24.190507,24.190507,20.857173,1.0,24.190507,24.190507,0.96762,3.773719,28.931846,26.038661,2.893185,2854.479781,142.723989,81.352674,2630.403118,269.066167,61.720384,4.838101,166.666667,0.0,2.333333,3.628576,5.321911,7.257152,0.453572,13.333333,32.327878,18.994545,13.333333,0.0,0.0,0.0,2294.778465,1724.942122,2128.111799,1158.275456,650,72.327878,0.0,0.0,0.0,0.0,72.327878,2169.836343,1478.111799,-691.724544,2387.312054,1235.020735,-435.873443,-3066.276561,-33920.732926
E,centrale,15,3.5,22.980981,26.480981,26.480981,26.480981,22.980981,1.0,26.480981,26.480981,1.059239,4.131033,31.671254,28.504128,3.167125,3124.755792,156.23779,89.05554,2879.462462,294.542659,67.56437,5.296196,175.0,0.0,2.45,3.972147,5.825816,7.944294,0.496518,14.0,34.688776,20.688776,14.0,0.0,0.0,0.0,2512.059237,1891.395961,2337.059237,1296.395961,650,74.688776,0.0,0.0,0.0,0.0,74.688776,2240.663276,1687.059237,-553.604039,2630.403118,1437.999893,1251.185794,-1628.276668,-34474.336965
E,centrale,16,3.666667,25.156932,28.823599,28.823599,28.823599,25.156932,1.0,28.823599,28.823599,1.152944,4.496481,34.473024,31.025722,3.447302,3401.184669,170.059233,96.933763,3134.191672,320.599126,73.541395,5.76472,183.333333,0.0,2.566667,4.32354,6.341192,8.64708,0.540442,14.666667,37.085587,22.41892,14.666667,0.0,0.0,0.0,2734.286432,2061.71882,2550.953099,1438.385487,650,77.085587,0.0,0.0,0.0,0.0,77.085587,2312.567612,1900.953099,-411.614513,2879.462462,1646.223888,3152.138893,17.94722,-34885.951478
E,centrale,17,3.833333,27.382419,31.215752,31.215752,31.215752,27.382419,1.0,31.215752,31.215752,1.24863,4.869657,37.33404,33.600636,3.733404,3683.458769,184.172938,104.978575,3394.307255,347.206569,79.644807,6.24315,191.666667,0.0,2.683333,4.682363,6.867466,9.364726,0.585295,15.333333,39.516516,24.183183,15.333333,0.0,0.0,0.0,2961.212729,2235.717247,2769.546062,1584.050581,650,79.516516,0.0,0.0,0.0,0.0,79.516516,2385.495481,2119.546062,-265.949419,3134.191672,1859.430479,5271.684955,1877.377699,-35151.900898
E,centrale,18,4.0,29.654965,33.654965,33.654965,33.654965,29.654965,1.0,33.654965,33.654965,1.346199,5.250174,40.251338,36.226204,4.025134,3971.28583,198.564292,113.181646,3659.539893,374.337441,85.868286,6.730993,200.0,0.0,2.8,5.048245,7.404092,10.096489,0.631031,16.0,41.979857,25.979857,16.0,0.0,0.0,0.0,3192.603172,2413.207465,2992.603172,1733.207465,650,81.979857,0.0,0.0,0.0,0.0,81.979857,2459.395707,2342.603172,-116.792535,3394.307255,2077.370535,7614.288127,3954.748234,-35268.693433
E,centrale,19,4.166667,31.972216,36.138883,36.138883,36.138883,31.972216,1.0,36.138883,36.138883,1.445555,5.637666,43.222104,38.899894,4.32221,4264.388205,213.21941,121.535064,3929.633731,401.965569,92.205831,7.227777,208.333333,0.0,2.916667,5.420832,7.950554,10.841665,0.677604,16.666667,44.473989,27.807322,16.666667,0.0,0.0,0.0,3428.234555,2594.014883,3219.901222,1885.68155,650,84.473989,0.0,0.0,0.0,0.0,84.473989,2534.219672,2569.901222,35.68155,3659.539893,2299.807383,10184.189349,6254.555618,-35233.011883
E,centrale,20,4.333333,34.331939,38.665272,38.665272,38.665272,34.331939,1.0,38.665272,38.665272,1.546611,6.031782,46.243666,41.619299,4.624367,4562.502129,228.125106,130.031311,4204.345711,430.06609,98.651736,7.733054,216.666667,0.0,3.033333,5.799791,8.50636,11.599582,0.724974,17.333333,46.997373,29.66404,17.333333,0.0,0.0,0.0,3667.894831,2777.973642,3451.228164,2041.306976,650,86.997373,0.0,0.0,0.0,0.0,86.997373,2609.921188,2801.228164,191.306976,3929.633731,2526.516184,12985.417513,8781.071802,-35041.704907
E,centrale,21,4.5,36.732009,41.232009,41.232009,41.232009,36.732009,1.0,41.232009,41.232009,1.64928,6.432193,49.313482,44.382134,4.931348,4865.377022,243.268851,138.663245,4483.444926,458.615386,105.200584,8.246402,225.0,0.0,3.15,6.184801,9.071042,12.369603,0.7731,18.0,49.548546,31.548546,18.0,0.0,0.0,0.0,3911.382554,2964.926175,3686.382554,2199.926175,650,89.548546,0.0,0.0,0.0,0.0,89.548546,2686.456379,3036.382554,349.926175,4204.345711,2757.28334,16021.800068,11538.355142,-34691.778732
E,centrale,22,4.666667,39.170408,43.837075,43.837075,43.837075,39.170408,1.0,43.837075,43.837075,1.753483,6.838584,52.429142,47.186227,5.242914,5172.774838,258.638742,147.424083,4766.712013,487.591017,111.847228,8.767415,233.333333,0.0,3.266667,6.575561,9.644156,13.151122,0.821945,18.666667,52.126119,33.459452,18.666667,0.0,0.0,0.0,4158.506353,3154.722793,3925.17302,2361.38946,650,92.126119,0.0,0.0,0.0,0.0,92.126119,2763.78356,3275.17302,511.38946,4483.444926,2991.905933,19296.973088,14530.261075,-34180.389272
E,centrale,23,4.833333,41.645221,46.478554,46.478554,46.478554,41.645221,1.0,46.478554,46.478554,1.859142,7.250654,55.588351,50.029516,5.558835,5484.469429,274.223471,156.307379,5053.938579,516.971666,118.586778,9.295711,241.666667,0.0,3.383333,6.971783,10.225282,13.943566,0.871473,19.333333,54.728771,35.395438,19.333333,0.0,0.0,0.0,4409.084424,3347.221292,4167.417757,2525.554625,650,94.728771,0.0,0.0,0.0,0.0,94.728771,2841.863132,3517.417757,675.554625,4766.712013,3230.191191,22814.390845,17760.452266,-33504.834647
E,centrale,24,5.0,44.154627,49.154627,49.154627,49.154627,44.154627,1.0,49.154627,49.154627,1.966185,7.668122,58.788934,52.91004,5.878893,5800.245958,290.012298,165.30701,5344.92665,546.737083,125.414589,9.830925,250.0,0.0,3.5,7.373194,10.814018,14.746388,0.921649,20.0,57.355249,37.355249,20.0,0.0,0.0,0.0,4662.944053,3542.286577,4412.944053,2692.286577,650,97.355249,0.0,0.0,0.0,0.0,97.355249,2920.657475,3762.944053,842.286577,5053.938579,3471.955982,26577.334898,21232.408248,-32662.548069
E,favorevole,1,1.0,0,1.0,1.0,1.7,0.0,1.7,1.7,1.7,0.034,0.12138,1.85538,1.762611,0.092769,145.3,2.906,2.13591,140.25809,10.761204,3.28081,0.204,35.0,0.0,0.5,0.17,0.255,0.27,0.01275,2.0,3.20775,1.20775,2.0,0.0,0.0,0.0,126.012076,89.779576,91.012076,-5.220424,650,43.20775,100.0,0.0,0.0,3000.0,143.20775,1296.2325,-558.987924,-1855.220424,0.0,-699.246014,-5558.987924,-5699.246014,-9855.220424
E,favorevole,2,1.4,0.97,2.37,2.37,4.029,1.649,1.7,4.029,4.029,0.08058,0.287671,4.397251,4.177388,0.219863,344.361,6.88722,5.062107,332.411673,25.504053,7.77552,0.48348,49.0,0.0,0.7,0.4029,0.60435,0.6399,0.030217,2.8,5.177367,2.377368,2.8,0.0,0.0,0.0,298.64862,227.327595,249.64862,94.327595,650,45.177367,100.0,0.0,0.0,3000.0,145.177368,1355.321025,-400.35138,-1755.672405,140.25809,-592.504964,-5959.339305,-6291.750978,-14610.89283
E,favorevole,3,1.8,2.2989,4.0989,4.0989,6.96813,3.90813,1.7,6.96813,6.96813,0.139363,0.497524,7.605017,7.224766,0.380251,595.57017,11.911403,8.754881,574.903885,44.109099,13.447713,0.836176,63.0,0.0,0.9,0.696813,1.045219,1.106703,0.052261,3.6,7.400996,3.800996,3.6,0.0,0.0,0.0,516.510897,402.481003,453.510897,231.481003,650,47.400996,100.0,0.0,0.0,3000.0,147.400996,1422.029894,-196.489103,-1618.518997,332.411673,-438.981314,-6155.828407,-6730.732292,-19229.411826
E,favorevole,4,2.2,3.975933,6.175933,6.175933,10.499086,6.759086,1.7,10.499086,10.499086,0.209982,0.749635,11.458703,10.885767,0.572935,897.363065,17.947261,13.191237,866.224567,66.460475,20.262064,1.25989,77.0,0.0,1.1,1.049909,1.574863,1.667502,0.078743,4.4,9.871017,5.471017,4.4,0.0,0.0,0.0,778.242137,614.11164,701.242137,405.11164,650,49.871017,0.0,0.0,0.0,0.0,49.871017,1496.130497,51.242137,-1444.88836,574.903885,-240.078544,-6104.58627,-6970.810836,-20674.300186
E,favorevole,5,2.6,5.990655,8.590655,8.590655,14.604114,10.184114,1.7,14.604114,14.604114,0.292082,1.042734,15.938929,15.141983,0.796946,1248.222173,24.964443,18.348866,1204.908864,92.445791,28.184309,1.752494,91.0,0.0,1.3,1.460411,2.190617,2.319477,0.109531,5.2,12.580036,7.380036,5.2,0.0,0.0,0.0,1082.52627,861.125188,991.52627,614.125188,650,52.580036,0.0,0.0,0.0,0.0,52.580036,1577.401082,341.52627,-1235.874812,866.224567,2.841973,-5763.059999,-6967.968863,-21910.174999
E,favorevole,6,3.0,8.332935,11.332935,11.332935,19.26599,14.16599,1.7,19.26599,19.26599,0.38532,1.375592,21.026902,19.975557,1.051345,1646.675508,32.93351,24.20613,1589.535868,121.956029,37.18121,2.311919,105.0,0.0,1.5,1.926599,2.889899,3.059893,0.144495,6.0,15.520885,9.520885,6.0,0.0,0.0,0.0,1428.08671,1142.46016,1323.08671,857.46016,650,55.520885,0.0,0.0,0.0,0.0,55.520885,1665.62655,673.08671,-992.53984,1204.908864,288.459705,-5089.97329,-6679.509157,-22902.714839
E,favorevole,7,3.333333,10.992947,14.326281,14.326281,24.354677,18.68801,1.7,24.354677,24.354677,0.487094,1.738924,26.580695,25.25166,1.329035,2081.608576,41.632172,30.599646,2009.376758,154.168028,47.001808,2.922561,116.666667,0.0,1.666667,2.435468,3.653202,3.868096,0.18266,6.666667,18.472758,11.806092,6.666667,0.0,0.0,0.0,1805.284361,1451.101607,1688.617694,1134.434941,650,58.472758,0.0,0.0,0.0,0.0,58.472758,1754.182754,1038.617694,-715.565059,1589.535868,618.776804,-4051.355596,-6060.732354,-23618.279898
E,favorevole,8,3.666667,13.896492,17.563159,17.563159,29.85737,23.624037,1.7,29.85737,29.85737,0.597147,2.131816,32.586334,30.957017,1.629317,2551.926985,51.03854,37.513327,2463.375119,189.000736,57.621391,3.582884,128.333333,0.0,1.833333,2.985737,4.478606,4.742053,0.22393,7.333333,21.596992,14.263659,7.333333,0.0,0.0,0.0,2213.170108,1785.260337,2084.836775,1436.927004,650,61.596992,0.0,0.0,0.0,0.0,61.596992,1847.909771,1434.836775,-413.072996,2009.376758,980.838414,-2616.518821,-5079.89394,-24031.352894
E,favorevole,9,4.0,17.036264,21.036264,21.036264,35.761649,28.961649,1.7,35.761649,35.761649,0.715233,2.553382,39.030264,37.078751,1.951513,3056.569176,61.131384,44.931567,2950.506225,226.37553,69.01599,4.291398,140.0,0.0,2.0,3.576165,5.364247,5.679791,0.268212,8.0,24.888416,16.888416,8.0,0.0,0.0,0.0,2650.823308,2144.17083,2510.823308,1764.17083,650,64.888416,0.0,0.0,0.0,0.0,64.888416,1946.652478,1860.823308,-85.82917,2463.375119,1373.692202,-755.695513,-3706.201738,-24117.182064
E,favorevole,10,4.333333,20.405176,24.73851,24.73851,42.055466,34.6888,1.7,42.055466,42.055466,0.841109,3.00276,45.899336,43.604369,2.294967,3594.505434,71.890109,52.83923,3469.776095,266.216148,81.162354,5.046656,151.666667,0.0,2.166667,4.205547,6.30832,6.679398,0.315416,8.666667,28.342013,19.675347,8.666667,0.0,0.0,0.0,3117.350937,2527.090534,2965.684271,2115.423867,650,68.342013,0.0,0.0,0.0,0.0,68.342013,2050.260403,2315.684271,265.423867,2950.506225,1796.414401,1559.988758,-1909.787337,-23851.758197
E,favorevole,11,4.666667,23.996354,28.663021,28.663021,48.727136,40.793802,1.7,48.727136,48.727136,0.974543,3.479117,53.180796,50.521756,2.65904,4164.736937,83.294739,61.221633,4020.220566,308.448615,94.037931,5.847256,163.333333,0.0,2.333333,4.872714,7.30907,7.739016,0.365454,9.333333,31.95292,22.619586,9.333333,0.0,0.0,0.0,3611.886763,2933.299172,3448.55343,2489.965838,650,71.95292,0.0,0.0,0.0,0.0,71.95292,2158.587591,2798.55343,639.965838,3469.776095,2248.108959,4358.542187,338.321622,-23211.792359
E,favorevole,12,5.0,27.80313,32.80313,32.80313,55.765321,47.265321,1.7,55.765321,55.765321,1.115306,3.981644,60.862272,57.819158,3.043114,4766.294829,95.325897,70.064534,4600.904399,353.001177,107.620844,6.691839,175.0,0.0,2.5,5.576532,8.364798,8.856845,0.41824,10.0,35.716415,25.716415,10.0,0.0,0.0,0.0,4133.590539,3362.098075,3958.590539,2887.098075,650,75.716415,0.0,0.0,0.0,0.0,75.716415,2271.492464,3308.590539,1037.098075,4020.220566,2727.906706,7667.132726,3066.228328,-22174.694284
E,favorevole,13,5.333333,31.819036,37.15237,37.15237,63.159028,54.092362,1.7,63.159028,63.159028,1.263181,4.509555,68.931764,65.485176,3.446588,5398.239318,107.964786,79.354118,5210.920413,399.804229,121.889873,7.579083,186.666667,0.0,2.666667,6.315903,9.473854,10.03114,0.473693,10.666667,39.627923,28.961256,10.666667,0.0,0.0,0.0,4681.647227,3812.809537,4494.98056,3306.142871,650,79.627923,0.0,0.0,0.0,0.0,79.627923,2388.83769,3844.98056,1456.142871,4600.904399,3234.964546,11512.113287,6301.192873,-20718.551413
E,favorevole,14,5.666667,36.037799,41.704465,41.704465,70.897591,61.264258,1.7,70.897591,70.897591,1.417952,5.062088,77.377631,73.508749,3.868882,6059.658805,121.193176,89.076984,5849.388644,448.790259,136.824435,8.507711,198.333333,0.0,2.833333,7.089759,10.634639,11.260206,0.531732,11.333333,43.683002,32.349669,11.333333,0.0,0.0,0.0,5255.26624,4284.776181,5056.932906,3746.442847,650,83.683002,0.0,0.0,0.0,0.0,83.683002,2510.490059,4406.932906,1896.442847,5210.920413,3768.464676,15919.046193,10069.657549,-18822.108565
E,favorevole,15,6.0,40.453331,46.453331,46.453331,78.970663,68.770663,1.7,78.970663,78.970663,1.579413,5.638505,86.188582,81.879153,4.309429,6749.669041,134.993381,99.220135,6515.455525,499.893775,152.404563,9.47648,210.0,0.0,3.0,7.897066,11.845599,12.542399,0.59228,12.0,47.877345,35.877345,12.0,0.0,0.0,0.0,5853.680707,4777.36035,5643.680707,4207.36035,650,87.877345,0.0,0.0,0.0,0.0,87.877345,2636.320357,4993.680707,2357.36035,5849.388644,4327.613827,20912.726901,14397.271376,-16464.748215
E,favorevole,16,6.333333,45.059731,51.393065,51.393065,87.36821,76.601543,1.7,87.36821,87.36821,1.747364,6.23809,95.353664,90.585981,4.767683,7467.412303,149.348246,109.770961,7208.293096,553.051254,168.610891,10.484185,221.666667,0.0,3.166667,8.736821,13.105232,13.876127,0.655262,12.666667,52.206775,39.540108,12.666667,0.0,0.0,0.0,6476.146766,5289.94352,6254.4801,4688.276853,650,92.206775,0.0,0.0,0.0,0.0,92.206775,2766.203247,5604.4801,2838.276853,6515.455525,4911.642529,26517.207,19308.913904,-13626.471362
E,favorevole,17,6.666667,49.851273,56.517939,56.517939,96.080497,84.747164,1.7,96.080497,96.080497,1.92161,6.860147,104.862254,99.619142,5.243113,8212.0566,164.241132,120.717232,7927.098236,608.201076,185.424632,11.52966,233.333333,0.0,3.333333,9.60805,14.412075,15.259844,0.720604,13.333333,56.667238,43.333905,13.333333,0.0,0.0,0.0,7121.942869,5821.925719,6888.609535,5188.592386,650,96.667238,0.0,0.0,0.0,0.0,96.667238,2900.017149,6238.609535,3338.592386,7208.293096,5519.804395,32755.816535,24828.718299,-10287.878976
E,favorevole,18,7.0,54.822401,61.822401,61.822401,105.098082,93.198082,1.7,105.098082,105.098082,2.101962,7.504003,114.704047,108.968844,5.735202,8982.794902,179.655898,132.047085,8671.091919,665.283472,202.827565,12.61177,245.0,0.0,3.5,10.509808,15.764712,16.692048,0.788236,14.0,61.254804,47.254804,14.0,0.0,0.0,0.0,7790.369113,6372.724978,7545.369113,5707.724978,650,101.254804,0.0,0.0,0.0,0.0,101.254804,3037.644135,6895.369113,3857.724978,7927.098236,6151.37543,39651.185649,30980.093729,-6430.153998
E,favorevole,19,7.333333,59.967729,67.301063,67.301063,114.411806,101.94514,1.7,114.411806,114.411806,2.288236,8.169003,124.869045,118.625593,6.243452,9778.844389,195.576888,143.749013,9439.518488,724.240464,220.802012,13.729417,256.666667,0.0,3.666667,11.441181,17.161771,18.171287,0.858089,14.666667,65.96566,51.298994,14.666667,0.0,0.0,0.0,8480.746596,6941.776785,8224.079929,6245.110118,650,105.96566,0.0,0.0,0.0,0.0,105.96566,3178.969811,7574.079929,4395.110118,8671.091919,6805.65336,47225.265578,37785.747089,-2035.043879
E,favorevole,20,7.666667,65.282031,72.948697,72.948697,124.012785,110.979452,1.7,124.012785,124.012785,2.480256,8.854513,135.347554,128.580176,6.767378,10599.445724,211.988914,155.811852,10231.644957,785.015814,239.33083,14.881534,268.333333,0.0,3.833333,12.401279,18.601918,19.696148,0.930096,15.333333,70.796107,55.462774,15.333333,0.0,0.0,0.0,9192.416779,7528.533563,8924.083446,6800.200229,650,110.796107,0.0,0.0,0.0,0.0,110.796107,3323.883216,8274.083446,4950.200229,9439.518488,7481.956977,55499.349023,45267.704066,2915.15635
E,favorevole,21,8.0,70.760236,78.760236,78.760236,133.892402,120.292402,1.7,133.892402,133.892402,2.677848,9.559917,146.130167,138.823659,7.306508,11443.862352,228.877247,168.224777,11046.760328,847.554971,258.397387,16.067088,280.0,0.0,4.0,13.38924,20.08386,21.265264,1.004193,16.0,75.742557,59.742557,16.0,0.0,0.0,0.0,9924.740882,8132.464162,9644.740882,7372.464162,650,115.742557,0.0,0.0,0.0,0.0,115.742557,3472.27672,8994.740882,5522.464162,10231.644957,8179.625511,64494.089905,53447.329577,8437.620512
E,favorevole,22,8.333333,76.397429,84.730763,84.730763,144.042297,129.87563,1.7,144.042297,144.042297,2.880846,10.28462,157.207762,149.347374,7.860388,12311.379815,246.227596,180.977283,11884.174935,911.805022,277.98555,17.285076,291.666667,0.0,4.166667,14.40423,21.606344,22.877306,1.080317,16.666667,80.801531,64.134864,16.666667,0.0,0.0,0.0,10677.099287,8753.053369,10385.43262,7961.386702,650,120.801531,0.0,0.0,0.0,0.0,120.801531,3624.045918,9735.43262,6111.386702,11046.760328,8898.018014,74229.522525,62345.34759,14549.007214
E,favorevole,23,8.666667,82.18884,90.855506,90.855506,154.454361,139.721028,1.7,154.454361,154.454361,3.089087,11.028041,168.57149,160.142915,8.428574,13201.305087,264.026102,194.059185,12743.2198,977.714639,298.079672,18.534523,303.333333,0.0,4.333333,15.445436,23.168154,24.530987,1.158408,17.333333,85.969651,68.636318,17.333333,0.0,0.0,0.0,11448.890965,9389.801425,11145.557632,8566.468091,650,125.969651,0.0,0.0,0.0,0.0,125.969651,3779.089541,10495.557632,6716.468091,11884.174935,9636.512767,84725.080158,71981.860357,21265.475306
E,favorevole,24,9.0,88.129841,97.129841,97.129841,165.12073,149.82073,1.7,165.12073,165.12073,3.302415,11.78962,180.212765,171.202127,9.010638,14112.965934,282.259319,207.460599,13623.246016,1045.234036,318.664574,19.814488,315.0,0.0,4.5,16.512073,24.76811,26.225057,1.238405,18.0,91.243645,73.243645,18.0,0.0,0.0,0.0,12239.532919,10042.223564,11924.532919,9187.223564,650,131.243645,0.0,0.0,0.0,0.0,131.243645,3937.309354,11274.532919,7337.223564,12743.2198,10394.506703,95999.613076,82376.36706,28602.69887
